State,Year,Month,Unemployment_Rate,Labor_Force,Employed,Unemployed
Michigan,2013,11,9.9,2334489.0,2103374.0,231115
New York,2016,11,6.9,1339911.0,1247457.0,92454
Pennsylvania,2012,6,3.0,1866891.0,1810884.0,56007
Georgia,2011,12,4.2,,1433191.0,62834
Georgia,2022,12,2.7,2353882.0,2290327.0,63555
Washington,2021,12,6.0,,4098427.0,261602
New York,2021,7,11.8,2528388.0,,298350
New York,2016,5,6.8,3516664.0,3277530.0,239134
Texas,2019,9,2.7,,1873672.0,51993
Florida,2021,12,3.7,4550812.0,4382431.0,168381
Pennsylvania,2012,1,5.0,1873415.0,1779744.0,93671
Florida,2011,6,4.5,371836.0,355103.0,16733
Texas,2019,12,11.4,1371741.0,1215362.0,156379
Florida,2023,8,7.9,1411736.0,1300208.0,111528
Pennsylvania,2014,2,7.6,,,273196
Washington,2018,12,8.3,2713740.0,2488499.0,225241
Illinois,2022,1,2.6,3365879.0,3278366.0,87513
California,2021,8,2.6,4430634.0,4315437.0,115197
New York,2010,8,9.4,2209818.0,2002095.0,207723
Ohio,2019,7,8.7,3953339.0,3609398.0,343941
Michigan,2018,8,6.8,4645583.0,4329683.0,315900
Michigan,2016,8,8.8,3702279.0,3376478.0,325801
Georgia,2020,3,-9.9,2048260.0,,143379
New York,2010,5,7.8,997421.0,919622.0,77799
Michigan,2020,9,9.3,222409.0,201724.0,20685
New York,2016,1,5.5,3356415.0,3171812.0,184603
Florida,2023,5,4.9,1073548.0,1020944.0,52604
Florida,2022,7,5.3,4674293.0,4426555.0,247738
Texas,2019,9,3.5,4127419.0,3982959.0,144460
Florida,2023,11,,4370070.0,4125346.0,244724
Illinois,2016,1,5.1,2335000.0,2215915.0,119085
Florida,2022,9,5.4,2648421.0,2505406.0,143015
Pennsylvania,2020,9,7.1,,,321125
New York,2019,12,4.8,,1413006.0,71244
Georgia,2017,9,6.3,1986013.0,,125119
California,2019,4,4.8,4359622.0,4150360.0,209262
Texas,2012,1,3.9,913168.0,,35614
Texas,2011,12,3.0,369536.0,358449.0,11087
California,2012,2,7.5,2322809.0,2148598.0,174211
Georgia,2016,4,3.3,99999999.0,2230775.0,76128
California,2015,8,7.0,4400385.0,,308027
Georgia,2015,11,10.3,1504104.0,1349181.0,154923
Georgia,2022,3,8.1,4235314.0,3892253.0,343061
Washington,2012,3,5.8,2133350.0,2009615.0,123735
Florida,2018,1,6.3,843974.0,790803.0,53171
Texas,2017,1,8.9,3712600.0,3382178.0,330422
Illinois,2011,7,7.6,2126793.0,1965156.0,161637
New York,2016,12,4.2,2304664.0,2207868.0,96796
Florida,2021,1,4.8,2572189.0,2448723.0,123466
Ohio,2014,11,4.3,4992306.0,4777636.0,214670
New York,2013,8,6.3,4615488.0,,290776
Pennsylvania,2013,11,11.4,891971.0,790286.0,101685
Georgia,2017,4,8.0,3021944.0,2780188.0,241756
New York,2018,2,4.0,2200021.0,2112020.0,88001
New York,2022,9,4.2,2235619.0,2141723.0,93896
California,2023,5,4.2,228391.0,218798.0,9593
Michigan,2012,1,,4401754.0,4164059.0,237695
New York,2015,7,4.9,216381.0,205778.0,10603
Georgia,2015,3,11.0,1299386.0,1156453.0,142933
Texas,2014,1,8.0,1518175.0,1396721.0,121454
California,2014,12,9.4,3872962.0,3508903.0,364059
California,2010,12,11.4,3551356.0,3146501.0,404855
Ohio,2015,3,9.6,2609079.0,2358607.0,250472
California,2023,5,7.9,4942611.0,4552144.0,390467
Ohio,2016,1,5.5,789944.0,746497.0,43447
Washington,2015,10,,545101.0,483504.0,61597
Pennsylvania,2011,6,5.9,1205534.0,,71127
Washington,2011,10,9.5,598863.0,541971.0,56892
Michigan,2022,10,10.2,1592785.0,1430320.0,162465
Illinois,2017,12,,4142787.0,3836220.0,306567
Florida,2010,8,,,3486762.0,353285
New York,2016,12,8.0,4283839.0,3941131.0,342708
Michigan,2015,3,6.9,4579125.0,4263165.0,315960
Washington,2019,6,4.9,1538533.0,1463144.0,75389
Georgia,2020,12,5.6,2085588.0,1968795.0,116793
Ohio,2016,4,10.5,4483711.0,4012921.0,470790
Florida,2023,3,8.6,3479569.0,3180326.0,299243
Washington,2023,3,10.1,1523286.0,1369434.0,153852
Washington,2014,10,11.6,283062.0,250226.0,32836
Illinois,2021,5,3.1,,,28004
Texas,2023,6,9.3,276615.0,,25726
Ohio,2010,7,8.7,641252.0,585463.0,55789
Georgia,2022,7,3.0,2264367.0,2196435.0,67932
New York,2014,6,2.6,3700333.0,3604124.0,96209
Ohio,2010,4,4.2,864121.0,827827.0,36294
Washington,2014,7,5.8,1207677.0,1137631.0,70046
Ohio,2016,10,8.4,1508836.0,1382093.0,126743
Florida,2011,4,6.1,3793305.0,3561913.0,231392
New York,2019,1,7.6,1689228.0,1560846.0,128382
Florida,2017,7,11.5,149115.0,131966.0,17149
Florida,2017,12,6.2,3149851.0,2954560.0,195291
California,2010,3,10.3,4135851.0,3709858.0,425993
New York,2010,1,8.7,2155723.0,1968175.0,187548
Texas,2022,3,8.4,2748790.0,2517891.0,230899
California,2019,8,6.2,3453597.0,3239473.0,214124
Texas,2012,9,7.2,3022097.0,2804506.0,217591
Pennsylvania,2013,9,10.1,3469720.0,3119278.0,350442
Florida,2019,5,9.6,933727.0,844089.0,89638
New York,2010,3,6.4,4070001.0,3809520.0,260481
California,2016,8,,4355780.0,3889711.0,466069
California,2016,7,9.7,3431869.0,3098977.0,332892
California,2010,4,10.4,3364908.0,,349951
New York,2010,4,2.6,4760456.0,4636684.0,123772
New York,2021,9,-9.9,3721581.0,3516894.0,204687
Florida,2012,10,8.5,1139458.0,1042604.0,96854
Illinois,2013,11,4.5,3888340.0,3713364.0,174976
Michigan,2018,7,3.4,1301193.0,1256952.0,44241
Washington,2016,10,6.7,4332406.0,4042134.0,290272
Texas,2021,9,9.7,4526219.0,4087175.0,439044
California,2022,6,3.3,,2162437.0,73796
Illinois,2011,11,9.2,3765060.0,3418674.0,346386
Georgia,2012,8,,1386643.0,1302057.0,84586
California,2016,9,8.1,2715075.0,2495153.0,219922
Georgia,2021,3,9.9,126790.0,114237.0,12553
Washington,2019,3,-9.9,1979490.0,1908228.0,71262
Texas,2021,10,9.5,1554908.0,1407191.0,147717
Illinois,2016,1,9.0,2487312.0,,223859
Illinois,2017,1,4.6,1525541.0,1455366.0,70175
Washington,2021,5,2.9,3601268.0,3496831.0,104437
Ohio,2013,3,9.1,958158.0,870965.0,87193
Illinois,2010,1,8.5,1517077.0,1388125.0,128952
New York,2016,9,11.2,2585195.0,2295653.0,289542
Pennsylvania,2021,5,5.1,2767867.0,2626705.0,141162
Florida,2019,8,5.9,99999999.0,1358829.0,85198
Ohio,2018,4,,3948693.0,3478798.0,469895
California,2018,1,6.4,4985211.0,4666157.0,319054
New York,2022,6,11.5,4867999.0,4308179.0,559820
Ohio,2018,2,3.3,3662737.0,3541866.0,120871
Ohio,2016,8,,127712.0,119921.0,7791
Texas,2010,11,8.1,235230.0,216176.0,19054
Illinois,2015,11,10.5,1981548.0,,208063
California,2011,9,6.4,100404.0,93978.0,6426
Michigan,2015,12,10.2,2432517.0,,248117
New York,2014,7,9.8,263273.0,,25801
New York,2010,5,6.8,99999999.0,1106601.0,80740
California,2012,4,4.7,4995207.0,4760432.0,234775
Texas,2021,8,2.7,608153.0,591732.0,16421
Texas,2015,6,10.4,4981713.0,4463614.0,518099
California,2015,12,7.8,3545498.0,3268949.0,276549
Illinois,2010,7,9.7,3061293.0,2764347.0,296946
Texas,2020,3,11.1,427359.0,379922.0,47437
Texas,2015,2,8.1,650222.0,,52668
New York,2011,4,7.7,2032247.0,1875763.0,156484
Michigan,2019,3,9.1,2630179.0,2390832.0,239347
Washington,2017,1,7.2,1954971.0,1814213.0,140758
Florida,2017,5,11.8,1949396.0,1719367.0,230029
Texas,2022,11,8.0,761614.0,700684.0,60930
Illinois,2016,7,8.1,766997.0,704870.0,62127
Pennsylvania,2013,8,9.1,1405794.0,1277866.0,127928
New York,2020,2,8.2,,3901753.0,348523
Texas,2021,10,4.2,3587124.0,3436464.0,150660
Georgia,2010,5,6.9,4346049.0,4046171.0,299878
California,2023,10,9.1,1172200.0,1065529.0,106671
Washington,2018,9,9.0,2383869.0,2169320.0,214549
California,2019,4,10.2,1014032.0,910600.0,103432
New York,2022,4,4.5,1017559.0,971768.0,45791
Georgia,2023,10,9.7,167661.0,151397.0,16264
Pennsylvania,2011,10,2.8,2178007.0,,60985
New York,2016,3,11.0,3808654.0,3389702.0,418952
Texas,2019,6,7.6,1315502.0,,99979
Illinois,2016,5,4.2,3820464.0,3660004.0,160460
Michigan,2015,10,7.6,3512504.0,3245553.0,266951
California,2022,4,7.0,567010.0,527319.0,39691
Illinois,2022,2,3.3,2223221.0,2149854.0,73367
Texas,2017,8,6.6,2793714.0,2609328.0,184386
Washington,2018,5,5.9,,633043.0,39692
Texas,2020,8,7.2,1261157.0,1170353.0,90804
Ohio,2018,1,2.6,3207092.0,3123707.0,83385
Georgia,2015,7,7.1,4481514.0,,318188
Pennsylvania,2016,9,3.3,4712338.0,4556830.0,155508
Pennsylvania,2014,4,12.0,640677.0,563795.0,76882
Texas,2013,12,11.2,2959653.0,,331482
Georgia,2010,8,9.4,2457821.0,2226785.0,231036
Illinois,2011,11,7.9,3030098.0,2790720.0,239378
Ohio,2015,10,5.6,1337715.0,1262802.0,74913
California,2013,1,7.5,954016.0,882464.0,71552
Washington,2023,6,8.0,382762.0,352141.0,30621
Florida,2022,11,8.1,485925.0,446565.0,39360
Texas,2017,10,7.7,503081.0,464343.0,38738
Texas,2022,8,10.2,3254240.0,2922307.0,331933
Ohio,2018,1,3.6,,2207774.0,82448
Pennsylvania,2015,7,10.0,,4411904.0,490212
Texas,2023,5,9.4,3709736.0,3361020.0,348716
Texas,2021,3,3.1,3906503.0,3785401.0,121102
Georgia,2021,8,10.4,2255748.0,2021150.0,234598
New York,2014,5,10.2,4973594.0,4466287.0,507307
Washington,2023,4,5.5,1886921.0,1783140.0,103781
Illinois,2011,8,6.8,3930375.0,3663109.0,267266
New York,2022,6,7.6,3395374.0,3137325.0,258049
California,2018,1,-9.9,4733078.0,4212439.0,520639
Texas,2023,5,11.1,1727781.0,1535997.0,191784
New York,2016,3,5.7,2677855.0,2525217.0,152638
Florida,2022,1,7.6,3902010.0,3605457.0,296553
Florida,2022,6,9.6,1999492.0,1807540.0,191952
Michigan,2010,4,7.9,3277993.0,3019031.0,258962
Ohio,2020,10,5.7,4157893.0,3920893.0,237000
Florida,2022,8,8.2,,1413497.0,126261
Pennsylvania,2014,4,9.4,2180154.0,1975219.0,204935
New York,2012,4,7.7,2792755.0,2577712.0,215043
Washington,2017,6,4.7,4688334.0,,220352
Washington,2023,11,4.0,1355564.0,1301341.0,54223
Pennsylvania,2023,2,8.3,2385166.0,2187197.0,197969
Pennsylvania,2021,11,11.4,3020803.0,2676431.0,344372
Florida,2014,8,2.7,4294430.0,4178480.0,115950
Washington,2010,12,6.1,2514472.0,2361089.0,153383
Georgia,2012,8,10.5,2376106.0,2126614.0,249492
Michigan,2010,5,11.9,4427021.0,3900205.0,526816
Florida,2015,7,11.2,3345886.0,2971146.0,374740
Georgia,2016,3,8.1,2527540.0,2322809.0,204731
Illinois,2014,9,4.5,3022808.0,2886781.0,136027
Ohio,2019,9,,1998739.0,1926784.0,71955
Illinois,2019,11,11.3,3778086.0,3351162.0,426924
Texas,2020,2,,4956447.0,4401324.0,555123
New York,2015,8,8.0,4208997.0,3872277.0,336720
Ohio,2017,1,5.9,2291422.0,2156228.0,135194
Georgia,2019,12,4.5,1395302.0,1332513.0,62789
California,2013,9,3.9,2512149.0,2414175.0,97974
Georgia,2021,8,7.3,2978604.0,2761165.0,217439
Michigan,2012,11,10.1,364223.0,327436.0,36787
California,2022,8,8.1,4721056.0,4338650.0,382406
New York,2011,2,7.6,2759440.0,2549722.0,209718
Texas,2023,6,9.8,1334816.0,1204004.0,130812
Pennsylvania,2022,7,11.5,1227199.0,1086071.0,141128
Washington,2019,3,8.6,2380827.0,2176075.0,204752
California,2016,7,4.0,4946769.0,4748898.0,197871
Michigan,2022,8,2.8,2702967.0,2627283.0,75684
Michigan,2020,8,3.5,4772750.0,4605703.0,167047
Ohio,2012,3,8.7,572327.0,522534.0,49793
Texas,2012,8,9.4,,976703.0,101336
Florida,2013,5,3.8,,684186.0,27027
Michigan,2011,7,8.5,3772214.0,3451575.0,320639
Ohio,2012,3,8.0,3626737.0,3336598.0,290139
Texas,2010,5,5.7,3916446.0,3693208.0,223238
Texas,2012,7,2.8,2575539.0,2503423.0,72116
Ohio,2014,6,9.9,2589569.0,2333201.0,256368
Ohio,2021,3,11.5,2083851.0,1844208.0,239643
Pennsylvania,2010,10,7.9,4361946.0,4017352.0,344594
Michigan,2010,2,2.7,4821165.0,4690993.0,130172
Illinois,2017,2,8.5,422918.0,386969.0,35949
Illinois,2015,6,-9.9,216739.0,194198.0,22541
Washington,2019,2,5.1,3589866.0,3406782.0,183084
Georgia,2011,5,10.2,288456.0,259033.0,29423
Georgia,2011,1,6.3,4867348.0,4560705.0,306643
Washington,2015,5,5.0,3851198.0,3658638.0,192560
Georgia,2020,8,4.9,1326476.0,1261478.0,64998
Illinois,2014,7,7.9,1029168.0,947863.0,81305
Washington,2014,12,9.8,791757.0,714164.0,77593
Texas,2021,6,,3396050.0,3073425.0,322625
Ohio,2013,3,4.8,2778932.0,2645543.0,133389
Pennsylvania,2020,4,9.3,1159622.0,1051777.0,107845
Pennsylvania,2012,6,7.0,4231479.0,3935275.0,296204
Georgia,2015,5,,1731993.0,1609021.0,122972
Florida,2013,3,8.2,2868362.0,2633156.0,235206
California,2023,11,8.2,1214593.0,1114996.0,99597
Illinois,2019,2,,4047208.0,3905555.0,141653
Pennsylvania,2010,1,7.2,3975754.0,3689499.0,286255
Pennsylvania,2019,9,,3290914.0,,157964
Texas,2014,12,9.1,2937981.0,2670624.0,267357
Georgia,2011,12,5.9,3491418.0,3285424.0,205994
California,2022,1,11.5,3077590.0,2723667.0,353923
California,2021,8,9.7,1291902.0,1166587.0,125315
Ohio,2010,7,9.4,2302575.0,2086132.0,216443
Georgia,2017,9,11.1,99999999.0,778261.0,97174
Washington,2018,10,2.9,2234793.0,2169984.0,64809
Michigan,2010,7,7.8,2478837.0,2285487.0,193350
Washington,2016,5,9.4,2539855.0,2301108.0,238747
Pennsylvania,2011,11,11.5,4068222.0,3600376.0,467846
Florida,2016,3,5.5,3495049.0,3302821.0,192228
Michigan,2010,8,4.7,2647500.0,2523067.0,124433
Texas,2012,5,7.5,776022.0,717820.0,58202
Michigan,2021,7,5.5,,1834857.0,106791
Florida,2022,6,5.5,3928433.0,3712369.0,216064
California,2022,10,10.8,4237270.0,3779644.0,457626
New York,2019,2,2.7,4177151.0,4064367.0,112784
New York,2020,7,2.6,2903696.0,2828199.0,75497
Ohio,2021,9,,970123.0,892513.0,77610
Illinois,2019,9,5.7,4544499.0,4285462.0,259037
Ohio,2010,1,3.5,4852525.0,4682686.0,169839
Pennsylvania,2023,2,5.3,4728120.0,4477529.0,250591
California,2014,9,3.5,4417048.0,4262451.0,154597
Pennsylvania,2013,12,11.6,4885956.0,4319185.0,566771
Ohio,2020,12,,1010775.0,945074.0,65701
Pennsylvania,2020,2,4.1,4112595.0,3943978.0,168617
Florida,2020,8,11.5,531413.0,470300.0,61113
Ohio,2012,10,2.9,3928464.0,,113926
Washington,2012,8,5.8,3843797.0,3620856.0,222941
Michigan,2010,9,11.3,3395097.0,3011451.0,383646
California,2022,11,6.3,1929553.0,1807991.0,121562
Texas,2023,1,4.0,2205058.0,2116855.0,88203
Georgia,2022,8,9.6,1775843.0,1605362.0,170481
Ohio,2011,11,10.8,2714235.0,2421097.0,293138
Illinois,2012,9,10.6,1242953.0,1111199.0,131754
Illinois,2017,9,7.7,4606554.0,4251849.0,354705
Texas,2017,12,6.0,1825690.0,1716148.0,109542
Ohio,2019,2,3.3,503119.0,486516.0,16603
Ohio,2022,1,3.1,502732.0,487147.0,15585
New York,2019,3,5.8,1310209.0,1234216.0,75993
Pennsylvania,2020,1,,2466610.0,,266394
Pennsylvania,2021,1,4.0,,1101449.0,45894
Illinois,2022,11,4.8,1830228.0,1742377.0,87851
Washington,2013,11,9.7,1826470.0,1649302.0,177168
Ohio,2020,10,6.9,809662.0,753795.0,55867
Michigan,2019,10,-9.9,570452.0,511695.0,58757
Michigan,2011,4,7.8,3434732.0,,267910
Michigan,2011,11,11.8,4198064.0,3702692.0,495372
Pennsylvania,2011,12,2.6,,1436233.0,38339
New York,2015,3,9.7,1177833.0,1063583.0,114250
Illinois,2011,12,8.5,1764221.0,1614262.0,149959
Ohio,2022,6,11.4,1756671.0,1556410.0,200261
Florida,2011,4,5.4,4999856.0,4729863.0,269993
Georgia,2010,10,7.0,2142999.0,1992989.0,150010
Texas,2011,12,9.6,2873939.0,2598040.0,275899
Michigan,2022,11,10.3,3277326.0,2939761.0,337565
New York,2020,10,2.5,3257473.0,3176036.0,81437
Texas,2022,4,6.5,1024044.0,957481.0,66563
Illinois,2016,7,10.3,385555.0,345842.0,39713
Texas,2023,4,8.7,3822946.0,3490349.0,332597
California,2023,12,2.8,3541628.0,,99166
Ohio,2014,11,11.7,1510706.0,1333953.0,176753
Illinois,2014,3,5.5,1947865.0,,107133
Georgia,2011,3,2.8,444855.0,432399.0,12456
Texas,2021,11,11.7,2574968.0,2273696.0,301272
California,2022,5,4.0,2542266.0,2440575.0,101691
Texas,2013,7,8.4,1755743.0,1608260.0,147483
Ohio,2017,12,,4625208.0,,541150
Michigan,2010,12,4.9,4097615.0,3896831.0,200784
Illinois,2021,6,8.0,1904673.0,1752299.0,152374
Pennsylvania,2017,11,11.9,878513.0,773969.0,104544
Texas,2023,6,5.3,3310016.0,3134585.0,175431
Georgia,2018,8,9.4,,4428428.0,459462
Pennsylvania,2018,1,3.5,,2550144.0,92493
Georgia,2015,12,9.2,4630889.0,4204847.0,426042
Pennsylvania,2011,12,3.2,4562816.0,4416805.0,146011
California,2018,1,10.3,1729849.0,1551674.0,178175
Georgia,2016,2,11.8,150861.0,133059.0,17802
Washington,2011,2,2.9,2091083.0,2030441.0,60642
California,2017,11,3.7,1543717.0,1486599.0,57118
Illinois,2015,9,3.0,1305663.0,1266493.0,39170
Illinois,2011,12,10.8,,1256388.0,152119
Florida,2023,11,7.1,,2741733.0,209541
Florida,2013,6,10.3,1968670.0,1765896.0,202774
New York,2018,12,9.5,1032817.0,934699.0,98118
Georgia,2021,7,8.7,3378360.0,3084442.0,293918
New York,2019,3,11.8,4215811.0,,497466
Pennsylvania,2022,7,6.6,3076031.0,2873012.0,203019
New York,2021,2,2.7,,3938939.0,109303
Georgia,2014,8,11.8,1490281.0,,175854
New York,2012,6,2.8,2714150.0,2638153.0,75997
California,2023,5,9.4,2329180.0,2110237.0,218943
Pennsylvania,2013,5,5.8,726045.0,683934.0,42111
Florida,2021,8,7.7,1491538.0,1376689.0,114849
Illinois,2013,10,9.4,1563807.0,1416809.0,146998
Florida,2011,2,,3160006.0,,316001
Washington,2012,3,,4543778.0,4307501.0,236277
Texas,2017,5,9.5,3142146.0,2843642.0,298504
Washington,2017,4,11.1,3071981.0,2730991.0,340990
Texas,2016,5,10.6,488076.0,436339.0,51737
Illinois,2023,6,10.8,4916909.0,4385882.0,531027
Pennsylvania,2016,9,8.8,2060826.0,1879473.0,181353
Illinois,2018,12,5.0,2190212.0,2080701.0,109511
Ohio,2010,8,8.2,853315.0,783343.0,69972
Michigan,2020,10,,3584239.0,3469543.0,114696
Washington,2022,10,8.9,1023780.0,932663.0,91117
Florida,2017,11,11.5,2568152.0,2272814.0,295338
Georgia,2013,12,2.8,417348.0,405662.0,11686
Ohio,2021,5,9.9,1420567.0,1279930.0,140637
Pennsylvania,2021,6,4.5,2640476.0,2521654.0,118822
Florida,2011,2,3.7,2943940.0,2835014.0,108926
Florida,2019,1,,4511589.0,4344660.0,166929
Ohio,2014,11,5.5,3047762.0,2880135.0,167627
Washington,2013,5,-9.9,1907610.0,1772169.0,135441
Texas,2018,2,11.7,246470.0,,28837
Pennsylvania,2020,2,5.8,4373445.0,4119785.0,253660
Florida,2016,4,9.2,3027337.0,2748821.0,278516
Michigan,2017,2,,1649302.0,1578382.0,70920
Pennsylvania,2022,6,10.7,1064918.0,950971.0,113947
Michigan,2019,11,9.0,4742929.0,4316065.0,426864
Texas,2010,10,10.8,1376647.0,1227969.0,148678
California,2021,11,11.3,416205.0,369173.0,47032
Florida,2010,1,4.5,3030639.0,2894260.0,136379
Ohio,2014,9,3.5,4757089.0,4590590.0,166499
Texas,2015,9,10.7,2138540.0,1909716.0,228824
Illinois,2014,9,,619777.0,598084.0,21693
Georgia,2023,4,,4330625.0,3949530.0,381095
Texas,2022,9,5.5,2987296.0,2822994.0,164302
Pennsylvania,2023,6,8.7,1200500.0,1096056.0,104444
California,2021,10,6.3,764468.0,716306.0,48162
New York,2021,9,8.2,3385727.0,3108097.0,277630
California,2012,12,2.6,4928426.0,4800286.0,128140
New York,2017,10,9.7,2012584.0,1817363.0,195221
New York,2014,10,11.5,2961509.0,2620935.0,340574
Ohio,2022,10,3.5,2480932.0,2394099.0,86833
Texas,2014,12,7.0,2617334.0,2434120.0,183214
Georgia,2023,2,9.3,2910860.0,2640150.0,270710
Ohio,2016,11,-9.9,4353486.0,4240295.0,113191
Ohio,2021,9,8.7,3717556.0,3394128.0,323428
Georgia,2012,2,4.1,805475.0,772450.0,33025
Ohio,2013,11,11.3,4438843.0,3937253.0,501590
New York,2017,10,8.3,4994640.0,4580084.0,414556
Florida,2019,9,7.5,854950.0,790828.0,64122
Washington,2016,7,5.3,1983376.0,1878257.0,105119
Washington,2022,10,11.2,,,347590
Florida,2015,7,10.2,2087755.0,1874803.0,212952
Pennsylvania,2022,10,3.6,2809644.0,2708496.0,101148
Michigan,2015,6,7.4,3429049.0,3175299.0,253750
Illinois,2019,8,6.4,175388.0,164163.0,11225
Washington,2017,8,5.9,2429753.0,2286397.0,143356
Ohio,2013,2,9.5,4121080.0,3729577.0,391503
Texas,2012,4,3.9,601174.0,577728.0,23446
Texas,2014,1,9.5,,1006707.0,105677
Michigan,2014,1,4.2,,,204078
Washington,2018,9,7.2,4836319.0,4488104.0,348215
New York,2016,5,8.9,2098197.0,1911457.0,186740
Michigan,2018,1,2.7,1593293.0,1550274.0,43019
New York,2013,10,5.7,3205958.0,3023218.0,182740
Florida,2017,5,11.0,2080290.0,1851458.0,228832
Illinois,2017,1,4.7,4671843.0,4452266.0,219577
California,2021,2,8.9,4177716.0,3805899.0,371817
Pennsylvania,2015,8,8.7,1648075.0,1504692.0,143383
Washington,2012,6,8.9,880641.0,802263.0,78378
Michigan,2023,4,3.1,3865689.0,3745852.0,119837
Florida,2014,9,4.1,4280413.0,4104916.0,175497
Illinois,2016,12,5.8,3747371.0,,217348
Pennsylvania,2013,3,11.3,1247116.0,1106191.0,140925
Michigan,2021,3,3.9,1371300.0,1317819.0,53481
Florida,2017,8,7.6,1115416.0,1030644.0,84772
Ohio,2013,6,4.9,3504231.0,3332523.0,171708
Michigan,2010,5,10.3,3441861.0,3087349.0,354512
Florida,2011,4,5.4,3370209.0,3188217.0,181992
Illinois,2014,2,,4686440.0,4152185.0,534255
California,2020,3,6.3,4312377.0,4040697.0,271680
Florida,2011,7,-9.9,4909109.0,,196365
Georgia,2021,5,6.2,,3750692.0,247914
California,2019,6,10.3,2143037.0,1922304.0,220733
Pennsylvania,2019,6,3.8,4588198.0,4413846.0,174352
Florida,2023,9,5.6,4215362.0,3979301.0,236061
Texas,2023,4,7.9,4781993.0,4404215.0,377778
Illinois,2011,9,7.1,3888963.0,3612846.0,276117
California,2023,6,10.4,4932691.0,4419691.0,513000
New York,2012,9,10.3,1350956.0,1211807.0,139149
Ohio,2011,8,7.0,1165923.0,,81615
Illinois,2013,12,9.9,4142879.0,3732733.0,410146
Florida,2011,12,10.6,1528127.0,1366145.0,161982
Texas,2021,7,3.9,3547794.0,3409430.0,138364
Ohio,2012,2,6.9,1073181.0,999131.0,74050
Texas,2022,8,5.3,2890358.0,2737169.0,153189
New York,2018,3,3.2,2422621.0,2345097.0,77524
New York,2016,12,8.4,1719715.0,1575258.0,144457
Michigan,2017,1,4.7,527387.0,502599.0,24788
Florida,2022,4,8.7,1644613.0,1501531.0,143082
Michigan,2011,5,,2530525.0,2254697.0,275828
New York,2016,11,6.4,4849766.0,4539380.0,310386
Ohio,2022,6,11.7,2390870.0,2111138.0,279732
Texas,2023,11,-9.9,304366.0,,19784
Ohio,2019,7,3.8,760902.0,731987.0,28915
Ohio,2010,5,10.4,1785996.0,1600252.0,185744
Ohio,2014,2,3.1,1452144.0,1407127.0,45017
New York,2010,12,8.6,2707411.0,2474573.0,232838
Michigan,2014,10,3.7,2063571.0,1987218.0,76353
Texas,2017,3,6.1,917052.0,861111.0,55941
Georgia,2019,5,11.6,1528080.0,,177258
Illinois,2010,8,5.5,,2670585.0,155431
Texas,2021,1,10.5,4847263.0,,508963
Pennsylvania,2014,12,8.6,2618970.0,2393738.0,225232
Georgia,2017,1,8.3,1155675.0,1059753.0,95922
Michigan,2017,3,3.5,2261088.0,2181949.0,79139
Michigan,2014,8,2.9,3568792.0,3465297.0,103495
Michigan,2020,1,3.2,4155447.0,4022472.0,132975
New York,2017,1,11.6,3864455.0,3416178.0,448277
Washington,2023,4,5.8,4004722.0,3772448.0,232274
Michigan,2012,12,5.9,192601.0,181237.0,11364
Ohio,2014,6,9.8,2113321.0,1906215.0,207106
Georgia,2021,1,5.3,4739681.0,4488477.0,251204
Texas,2012,1,4.9,4170211.0,3965870.0,204341
Illinois,2018,9,7.5,4118365.0,3809487.0,308878
Texas,2019,5,3.7,3000737.0,,111028
Georgia,2022,5,11.2,1081883.0,960712.0,121171
Texas,2020,10,5.7,,1508866.0,91205
Texas,2016,9,,1973722.0,1855298.0,118424
Washington,2018,2,11.5,2068541.0,1830658.0,237883
Florida,2014,12,4.4,985421.0,942062.0,43359
California,2017,5,5.2,2317181.0,2196687.0,120494
Michigan,2016,1,5.0,4600398.0,4370378.0,230020
Texas,2014,5,11.8,722893.0,,85302
Pennsylvania,2023,7,4.2,4926847.0,4719919.0,206928
Georgia,2015,11,5.1,2220539.0,2107291.0,113248
Texas,2011,5,9.4,1328337.0,1203473.0,124864
New York,2016,8,5.8,1699908.0,1601313.0,98595
California,2017,3,5.3,2543282.0,2408488.0,134794
Michigan,2022,7,8.0,895928.0,824253.0,71675
Ohio,2017,10,7.8,2613024.0,2409208.0,203816
Ohio,2012,1,5.1,2653314.0,2517994.0,135320
Washington,2011,11,5.5,789556.0,746130.0,43426
Michigan,2020,11,9.0,1216271.0,1106806.0,109465
Illinois,2013,4,2.5,616409.0,600998.0,15411
Georgia,2021,1,2.6,4576321.0,4457336.0,118985
Ohio,2018,4,5.6,2035090.0,1921124.0,113966
Michigan,2015,8,7.3,4919075.0,4559982.0,359093
Florida,2013,10,10.9,4842297.0,4314486.0,527811
Ohio,2015,5,2.5,2841094.0,2770066.0,71028
Ohio,2019,6,4.1,4201036.0,4028793.0,172243
Florida,2010,7,10.8,,1407443.0,170409
New York,2017,5,8.0,,3797250.0,330196
Florida,2013,8,8.2,3049281.0,2799239.0,250042
Texas,2012,12,10.3,996816.0,894143.0,102673
New York,2015,8,5.7,2890373.0,2725621.0,164752
Ohio,2013,3,6.7,4258179.0,3972881.0,285298
Michigan,2010,7,,1509854.0,1438890.0,70964
Florida,2010,11,10.1,4238286.0,3810219.0,428067
Illinois,2021,6,8.6,3684197.0,3367356.0,316841
Florida,2013,11,9.0,3931342.0,3577521.0,353821
Michigan,2018,10,8.1,3890328.0,3575211.0,315117
Florida,2022,10,5.7,3562092.0,,203040
California,2023,6,5.1,2250224.0,2135462.0,114762
New York,2014,3,5.0,4102713.0,3897577.0,205136
New York,2014,5,7.1,2449316.0,2275414.0,173902
Florida,2015,10,3.3,1677969.0,1622596.0,55373
New York,2010,8,9.4,2847176.0,2579541.0,267635
Georgia,2023,12,3.7,1811672.0,1744640.0,67032
Florida,2017,9,11.6,2671165.0,2361309.0,309856
Pennsylvania,2021,10,5.2,1514022.0,1435292.0,78730
New York,2016,12,10.0,1067561.0,960804.0,106757
Georgia,2019,9,9.9,4021451.0,3623327.0,398124
Illinois,2022,4,2.8,758003.0,736778.0,21225
Texas,2019,11,3.8,3262801.0,3138814.0,123987
California,2020,7,3.3,2059310.0,1991352.0,67958
Texas,2017,11,11.7,3835444.0,3386697.0,448747
Washington,2019,12,10.0,,1451484.0,161276
Ohio,2019,5,4.9,2446582.0,2326699.0,119883
Washington,2014,8,5.7,550930.0,519526.0,31404
Illinois,2014,12,5.8,3598408.0,3389700.0,208708
California,2011,5,4.6,4251785.0,4056202.0,195583
Illinois,2016,6,7.8,306487.0,282581.0,23906
Texas,2021,10,7.7,3039302.0,2805275.0,234027
Georgia,2010,1,8.3,1479904.0,1357071.0,122833
Washington,2014,5,11.5,1671951.0,1479676.0,192275
Illinois,2011,10,6.9,2603292.0,2423664.0,179628
Michigan,2015,12,3.1,3466823.0,3359351.0,107472
Georgia,2021,11,6.9,4485010.0,4175544.0,309466
California,2016,5,4.1,688158.0,659943.0,28215
Florida,2023,4,7.4,3866484.0,3580364.0,286120
Georgia,2013,12,4.9,389768.0,370669.0,19099
Pennsylvania,2019,12,9.8,3327544.0,3001444.0,326100
Pennsylvania,2023,3,11.1,543945.0,483567.0,60378
Florida,2012,6,,2354614.0,2213337.0,141277
Illinois,2020,2,3.4,1374634.0,1327896.0,46738
Pennsylvania,2021,10,3.4,4614276.0,4457390.0,156886
Ohio,2017,7,8.6,2369070.0,,203741
Pennsylvania,2011,10,6.8,1356715.0,1264458.0,92257
Texas,2016,3,5.9,3114938.0,2931156.0,183782
Texas,2020,8,7.3,2060155.0,1909763.0,150392
California,2016,8,11.0,379215.0,337501.0,41714
Ohio,2013,6,11.7,2060584.0,1819495.0,241089
Michigan,2010,7,3.7,2574653.0,2479390.0,95263
Texas,2013,12,10.9,632726.0,563758.0,68968
Ohio,2018,3,7.5,2692536.0,2490595.0,201941
Florida,2011,10,3.3,4514084.0,4365119.0,148965
New York,2022,12,10.7,3124243.0,2789948.0,334295
Georgia,2011,6,9.2,2096170.0,1903322.0,192848
Texas,2021,12,5.5,1885559.0,1781853.0,103706
Texas,2015,3,10.9,290237.0,258601.0,31636
Washington,2014,12,10.3,4515677.0,4050562.0,465115
California,2014,3,3.8,99999999.0,1274403.0,50341
New York,2011,10,8.3,4729375.0,4336836.0,392539
Georgia,2010,5,10.2,2631086.0,2362715.0,268371
New York,2010,4,9.5,3857985.0,3491476.0,366509
Texas,2012,8,2.5,223950.0,218351.0,5599
Michigan,2015,9,8.7,4840039.0,4418955.0,421084
Michigan,2016,3,9.1,4120120.0,3745189.0,374931
Georgia,2014,3,9.7,543316.0,490614.0,52702
Florida,2023,4,10.8,1988806.0,1774014.0,214792
Illinois,2012,12,8.8,2338673.0,2132869.0,205804
New York,2010,6,,4877402.0,4443313.0,434089
Texas,2017,6,4.7,3332244.0,3175628.0,156616
Pennsylvania,2023,3,6.4,2481306.0,2322502.0,158804
Florida,2010,9,6.5,563001.0,,36596
Georgia,2016,6,10.7,615693.0,549813.0,65880
New York,2012,10,9.1,1940083.0,1763535.0,176548
Michigan,2023,9,5.4,1264795.0,1196496.0,68299
New York,2013,8,9.2,3670599.0,3332903.0,337696
California,2023,9,2.6,177175.0,172568.0,4607
Florida,2018,11,3.2,4785754.0,4632609.0,153145
Illinois,2013,11,11.1,3112359.0,2766887.0,345472
Texas,2018,6,11.0,3725654.0,3315832.0,409822
California,2023,12,,522381.0,480590.0,41791
Texas,2014,5,,501067.0,485533.0,15534
California,2014,9,11.1,1104001.0,981456.0,122545
Pennsylvania,2010,8,7.4,3277902.0,3035337.0,242565
Pennsylvania,2021,6,6.6,1999054.0,1867116.0,131938
Illinois,2012,10,4.1,2934837.0,2814508.0,120329
Pennsylvania,2014,3,6.7,4110162.0,3834781.0,275381
Florida,2016,7,3.8,370914.0,,14095
Georgia,2021,2,5.1,1134586.0,1076722.0,57864
Michigan,2018,1,5.1,3200581.0,3037351.0,163230
Georgia,2015,9,2.5,3121372.0,3043337.0,78035
Georgia,2019,11,3.8,3930121.0,3780776.0,149345
California,2018,1,8.4,4368173.0,4001246.0,366927
New York,2022,4,4.5,4170028.0,3982376.0,187652
Georgia,2010,1,4.6,,810872.0,39099
California,2019,7,10.1,,3754077.0,421760
Washington,2020,6,11.4,2379176.0,2107949.0,271227
Pennsylvania,2014,1,8.4,2492919.0,2283513.0,209406
Ohio,2012,11,7.3,1694918.0,1571188.0,123730
New York,2020,1,6.2,3814379.0,3577887.0,236492
Pennsylvania,2017,5,5.0,3448924.0,3276477.0,172447
California,2022,10,11.6,,3451497.0,452912
Ohio,2017,9,8.5,1620982.0,1483198.0,137784
Michigan,2010,4,9.0,4508285.0,4102539.0,405746
California,2013,2,3.4,2755982.0,2662278.0,93704
Pennsylvania,2013,1,3.2,537625.0,520421.0,17204
New York,2018,7,6.4,4118280.0,3854710.0,263570
Washington,2011,3,,1670057.0,1534782.0,135275
Texas,2012,6,3.6,206022.0,198605.0,7417
New York,2013,6,3.6,570529.0,549989.0,20540
Georgia,2012,8,10.3,784029.0,703274.0,80755
New York,2020,1,3.3,4099694.0,3964404.0,135290
Washington,2014,5,10.2,,2627093.0,298401
Pennsylvania,2018,6,10.5,4766805.0,4266290.0,500515
Texas,2013,3,3.2,1879685.0,1819535.0,60150
Washington,2023,12,4.6,773218.0,737649.0,35569
New York,2021,12,,2279431.0,2024134.0,255297
Washington,2020,9,2.8,1801243.0,1750808.0,50435
California,2017,7,7.4,3715652.0,,274959
Michigan,2013,5,11.0,848736.0,755375.0,93361
Florida,2012,10,8.6,888443.0,812036.0,76407
New York,2020,11,6.4,2980304.0,2789564.0,190740
California,2015,5,7.5,4805907.0,4445463.0,360444
Pennsylvania,2021,6,-9.9,3425315.0,3192393.0,232922
California,2022,2,,928791.0,862846.0,65945
Pennsylvania,2020,3,11.7,476794.0,421009.0,55785
Washington,2012,2,5.5,2580252.0,2438338.0,141914
Ohio,2023,10,-9.9,3985180.0,3542825.0,442355
Ohio,2019,12,5.5,3399973.0,3212974.0,186999
Florida,2011,12,7.7,,1325512.0,110580
Florida,2010,6,7.6,4296656.0,3970110.0,326546
Texas,2022,6,4.8,2928630.0,2788055.0,140575
New York,2012,10,10.4,226060.0,202549.0,23511
New York,2019,1,7.3,3177099.0,2945170.0,231929
Ohio,2021,11,7.8,1772795.0,1634516.0,138279
Pennsylvania,2022,3,3.9,1606145.0,1543505.0,62640
Florida,2012,1,9.5,1642247.0,1486233.0,156014
Georgia,2018,8,8.4,702276.0,643284.0,58992
Michigan,2014,8,2.9,4122928.0,4003363.0,119565
Ohio,2013,6,4.7,4988639.0,4754172.0,234467
Ohio,2011,11,5.9,99999999.0,3442685.0,215854
Georgia,2014,6,10.0,4826276.0,4343648.0,482628
California,2017,4,6.9,3032235.0,2823010.0,209225
Georgia,2010,3,6.9,99999999.0,2166905.0,160598
Florida,2015,7,6.1,2794245.0,2623796.0,170449
California,2023,8,6.7,1330746.0,1241586.0,89160
Illinois,2012,2,9.4,1262189.0,1143543.0,118646
Texas,2021,3,,4261900.0,3912424.0,349476
New York,2018,8,10.6,2299391.0,2055655.0,243736
Pennsylvania,2012,6,4.9,2964140.0,2818897.0,145243
Michigan,2011,6,9.0,317770.0,289170.0,28600
New York,2015,10,3.8,2537245.0,2440829.0,96416
Ohio,2021,2,5.7,2802882.0,2643117.0,159765
Pennsylvania,2023,9,10.0,,1294677.0,143853
New York,2011,8,11.9,1665213.0,1467052.0,198161
Michigan,2012,1,5.7,502980.0,474310.0,28670
California,2014,8,11.4,1549087.0,1372491.0,176596
Illinois,2010,4,9.2,3916126.0,3555842.0,360284
Pennsylvania,2016,9,9.4,4556397.0,4128095.0,428302
Florida,2023,6,5.4,1397991.0,1322499.0,75492
New York,2023,12,8.0,2207359.0,2030770.0,176589
Texas,2022,3,7.5,3267759.0,3022677.0,245082
Texas,2017,1,7.3,287771.0,266763.0,21008
Georgia,2021,2,3.2,2374316.0,2298337.0,75979
Pennsylvania,2021,2,5.2,3314215.0,3141875.0,172340
Michigan,2023,8,6.3,2430229.0,2277124.0,153105
Michigan,2014,7,4.6,2350397.0,2242278.0,108119
Ohio,2022,5,4.5,554418.0,529469.0,24949
Illinois,2018,6,4.3,4573014.0,4376374.0,196640
Michigan,2023,10,8.1,,1560552.0,137547
Texas,2023,2,,1256083.0,1139267.0,116816
Ohio,2017,6,7.9,3592099.0,3308323.0,283776
Michigan,2017,2,6.3,1908286.0,1788063.0,120223
Texas,2011,8,8.5,369160.0,337781.0,31379
California,2018,1,,937393.0,868025.0,69368
Georgia,2015,1,3.1,834983.0,809098.0,25885
Illinois,2015,5,11.4,3038687.0,2692276.0,346411
Illinois,2010,11,5.1,4030010.0,3824479.0,205531
Texas,2021,4,10.0,1060652.0,954586.0,106066
New York,2010,6,6.1,3485744.0,3273113.0,212631
Washington,2016,10,7.9,2176475.0,2004533.0,171942
Illinois,2017,7,2.5,4126390.0,4023230.0,103160
Ohio,2014,11,8.8,4805815.0,4382903.0,422912
California,2013,9,5.3,3524083.0,3337306.0,186777
New York,2012,12,12.0,3001092.0,2640960.0,360132
Georgia,2016,12,10.7,2970574.0,2652722.0,317852
Texas,2023,3,6.0,2144940.0,2016243.0,128697
Texas,2014,4,10.6,4637871.0,4146256.0,491615
Illinois,2018,6,7.0,3952256.0,3675598.0,276658
Florida,2022,7,8.3,1730369.0,1586748.0,143621
Illinois,2017,8,8.7,1458097.0,1331242.0,126855
New York,2021,6,8.6,2675508.0,2445414.0,230094
Pennsylvania,2015,6,8.0,1389467.0,1278309.0,111158
New York,2022,9,10.3,3387093.0,,348871
Washington,2014,12,3.4,2438377.0,2355472.0,82905
Ohio,2015,8,10.5,1811952.0,1621697.0,190255
Florida,2023,10,2.8,807173.0,784572.0,22601
California,2021,6,5.0,1161404.0,1103333.0,58071
Illinois,2013,10,7.4,2635232.0,2440224.0,195008
Florida,2016,12,5.0,4632688.0,,231635
Pennsylvania,2021,10,10.6,4981909.0,4453826.0,528083
Ohio,2019,11,6.1,2445704.0,2296516.0,149188
Texas,2014,6,6.6,392575.0,366665.0,25910
Ohio,2018,1,9.5,2707622.0,2450397.0,257225
Florida,2018,12,2.5,4276426.0,4169515.0,106911
Ohio,2013,7,10.9,776296.0,691679.0,84617
Pennsylvania,2010,7,9.9,4242535.0,3822524.0,420011
Georgia,2020,4,11.0,2289921.0,2038029.0,251892
Texas,2021,12,7.0,862371.0,802005.0,60366
Washington,2017,9,4.8,4796671.0,4566430.0,230241
Florida,2011,11,11.6,2017160.0,1783169.0,233991
California,2020,10,4.4,864265.0,826237.0,38028
Illinois,2019,9,9.9,844748.0,761117.0,83631
New York,2020,5,7.5,834275.0,771704.0,62571
California,2010,4,5.7,1696853.0,1600132.0,96721
Illinois,2018,2,9.1,4048401.0,3679996.0,368405
Ohio,2013,4,4.7,3977809.0,3790851.0,186958
Georgia,2020,2,4.8,2692316.0,2563084.0,129232
Washington,2014,5,8.4,4076765.0,3734316.0,342449
Georgia,2023,2,7.7,2764749.0,2551863.0,212886
New York,2023,6,6.7,963659.0,899093.0,64566
California,2010,11,10.0,1256618.0,1130956.0,125662
Georgia,2018,4,11.5,3014863.0,2668153.0,346710
Pennsylvania,2020,10,7.5,1678315.0,1552441.0,125874
Ohio,2018,2,8.1,3604438.0,3312478.0,291960
Georgia,2015,2,11.8,2911139.0,2567624.0,343515
New York,2022,11,5.9,4590512.0,4319671.0,270841
Ohio,2011,2,9.7,3133449.0,2829504.0,303945
Pennsylvania,2023,4,4.8,2611910.0,2486538.0,125372
California,2020,4,7.9,712181.0,655918.0,56263
Georgia,2021,9,10.4,99999999.0,214347.0,24880
Washington,2020,5,-9.9,760327.0,725351.0,34976
Texas,2016,8,10.2,4256004.0,3821891.0,434113
Illinois,2022,3,-9.9,2001740.0,1781548.0,220192
Washington,2013,9,4.0,4684946.0,4497548.0,187398
California,2018,7,6.0,3870771.0,3638524.0,232247
Ohio,2023,3,3.0,4420614.0,4287995.0,132619
Washington,2023,1,10.0,4400915.0,3960823.0,440092
Florida,2014,11,6.4,806673.0,755045.0,51628
California,2019,10,11.2,1135891.0,1008671.0,127220
Michigan,2019,11,4.6,867876.0,827953.0,39923
Washington,2010,1,3.9,1306184.0,1255242.0,50942
Florida,2014,11,,4710146.0,4338044.0,372102
Washington,2012,3,3.9,1884006.0,1810529.0,73477
Michigan,2016,10,11.0,4689699.0,4173832.0,515867
Michigan,2019,4,7.2,2629832.0,2440484.0,189348
New York,2016,12,8.5,4708474.0,4308253.0,400221
Florida,2019,3,7.3,,,111301
Pennsylvania,2022,4,9.1,4567223.0,4151605.0,415618
Washington,2013,3,7.4,1830992.0,1695498.0,135494
Michigan,2014,8,5.3,,1972642.0,110402
Ohio,2023,9,,,,61579
Georgia,2015,5,9.4,2047238.0,1854797.0,192441
Georgia,2014,4,4.7,4909045.0,4678319.0,230726
Florida,2021,12,4.6,4127902.0,3938018.0,189884
Florida,2018,5,,1199577.0,1083218.0,116359
Texas,2023,5,9.3,1702970.0,1544593.0,158377
New York,2023,9,6.0,327189.0,307557.0,19632
Florida,2016,8,9.7,3510580.0,3170053.0,340527
Pennsylvania,2010,11,6.4,1545065.0,1446180.0,98885
Texas,2023,9,5.1,1741232.0,,88803
Florida,2013,9,3.7,4195077.0,4039859.0,155218
California,2010,9,4.1,3629921.0,3481094.0,148827
Pennsylvania,2016,11,10.1,4123278.0,3706826.0,416452
Michigan,2019,7,-9.9,3768280.0,3368842.0,399438
California,2011,11,3.0,2259173.0,2191397.0,67776
Georgia,2013,4,4.0,4597968.0,4414049.0,183919
Michigan,2010,1,,4076974.0,3828278.0,248696
Florida,2013,2,2.7,4056778.0,3947244.0,109534
Florida,2012,8,10.1,3009984.0,2705975.0,304009
Texas,2022,7,4.7,4772412.0,4548108.0,224304
New York,2015,9,7.6,3911666.0,3614379.0,297287
Ohio,2010,5,9.3,2573199.0,2333891.0,239308
New York,2012,12,4.7,1967306.0,1874842.0,92464
Washington,2018,4,8.9,225355.0,205298.0,20057
Michigan,2011,8,10.3,2587111.0,2320638.0,266473
Michigan,2023,8,11.4,4699409.0,4163676.0,535733
Michigan,2012,3,2.6,923759.0,899741.0,24018
Pennsylvania,2021,1,7.7,2347805.0,2167024.0,180781
Ohio,2020,5,5.9,953392.0,897141.0,56251
Georgia,2010,5,9.5,1090029.0,986476.0,103553
Ohio,2015,8,9.9,2685917.0,2420011.0,265906
Texas,2018,3,8.9,1488509.0,1356031.0,132478
Michigan,2013,1,,4673574.0,4271646.0,401928
Michigan,2023,7,6.5,4136405.0,3867538.0,268867
Pennsylvania,2013,8,5.1,1724777.0,1636813.0,87964
Illinois,2018,8,3.1,4922684.0,4770080.0,152604
Washington,2010,2,11.7,195556.0,172675.0,22881
Illinois,2014,2,,3766344.0,,346504
California,2020,1,6.3,,2525996.0,169838
New York,2019,2,7.1,4204399.0,3905886.0,298513
Texas,2021,8,8.7,622154.0,568026.0,54128
Michigan,2016,11,3.2,1179525.0,1141780.0,37745
Florida,2020,9,3.4,4356146.0,4208037.0,148109
Florida,2012,2,5.0,2966069.0,2817765.0,148304
New York,2015,11,8.9,877567.0,799463.0,78104
Georgia,2018,11,5.1,151707.0,143969.0,7738
Texas,2022,4,11.5,1977145.0,1749773.0,227372
Illinois,2019,5,11.5,989493.0,875701.0,113792
New York,2014,11,9.8,979459.0,883472.0,95987
Texas,2023,9,3.0,2391136.0,2319401.0,71735
California,2022,4,11.4,4285224.0,3796708.0,488516
Florida,2012,1,4.6,,4670272.0,225192
Washington,2015,6,3.5,,2199660.0,79781
Georgia,2011,3,11.0,1461236.0,1300500.0,160736
Illinois,2021,4,6.6,3499752.0,3268768.0,230984
Washington,2012,8,4.7,,99243.0,4895
Illinois,2018,10,9.2,3964044.0,3599351.0,364693
Pennsylvania,2016,1,10.3,,,205789
Florida,2010,9,2.7,4280266.0,4164698.0,115568
Texas,2017,11,6.9,1438306.0,1339062.0,99244
Washington,2010,11,8.2,4852989.0,4455043.0,397946
Michigan,2019,2,-9.9,3184562.0,2862921.0,321641
Florida,2020,8,4.4,3080672.0,2945122.0,135550
Michigan,2017,11,7.5,526674.0,487173.0,39501
Washington,2010,9,4.5,3925258.0,3748621.0,176637
Illinois,2016,1,10.7,3599701.0,3214532.0,385169
Ohio,2018,2,10.0,3003609.0,2703248.0,300361
Georgia,2019,8,6.7,3900315.0,3638993.0,261322
Ohio,2021,2,10.3,2505514.0,2247446.0,258068
Washington,2018,4,,3430922.0,3153017.0,277905
Georgia,2017,4,4.5,3402198.0,3249099.0,153099
New York,2023,6,8.7,2122784.0,1938101.0,184683
Georgia,2015,5,4.0,870692.0,835864.0,34828
California,2019,12,8.8,3670118.0,3347147.0,322971
New York,2022,4,6.7,636644.0,593988.0,42656
California,2013,12,4.9,2873737.0,2732923.0,140814
Michigan,2018,5,9.6,2092569.0,1891682.0,200887
Florida,2017,9,10.4,3238102.0,2901339.0,336763
Ohio,2013,10,6.0,161753.0,152047.0,9706
Michigan,2010,1,3.5,755496.0,729053.0,26443
Georgia,2012,3,5.8,593992.0,559540.0,34452
Georgia,2014,10,10.9,4529899.0,,493759
Michigan,2012,9,2.6,4485224.0,4368608.0,116616
Ohio,2016,4,4.7,1662518.0,1584379.0,78139
California,2016,8,10.7,2844804.0,2540409.0,304395
Georgia,2021,2,5.3,1620373.0,1534493.0,85880
California,2023,1,6.4,1090121.0,1020353.0,69768
New York,2023,10,5.9,,549018.0,34424
Florida,2011,9,4.5,2056874.0,1964314.0,92560
Michigan,2016,6,5.0,3552814.0,3375173.0,177641
Pennsylvania,2017,11,7.8,1709184.0,1575867.0,133317
New York,2012,10,6.4,,,155423
Texas,2011,3,7.7,2503233.0,2310484.0,192749
California,2014,7,3.9,2966457.0,2850765.0,115692
California,2016,5,9.8,1260294.0,,123509
Ohio,2010,1,8.3,3048632.0,2795595.0,253037
New York,2022,5,4.6,3124015.0,2980310.0,143705
Illinois,2015,12,9.1,3042775.0,2765882.0,276893
California,2022,9,10.8,1437768.0,1282489.0,155279
New York,2021,3,5.2,,1427830.0,78320
New York,2012,2,6.3,4855997.0,4550069.0,305928
Illinois,2017,2,11.1,1593551.0,1416666.0,176885
Texas,2017,6,,455054.0,422745.0,32309
Illinois,2017,4,10.6,2948883.0,2636301.0,312582
Illinois,2010,2,6.1,4739276.0,4450180.0,289096
Georgia,2013,11,2.9,4714466.0,4577746.0,136720
New York,2012,6,9.4,4339399.0,,407904
Michigan,2023,4,6.9,450067.0,419012.0,31055
Washington,2020,11,6.1,,2225864.0,144599
California,2018,12,8.5,799895.0,731903.0,67992
Illinois,2013,8,6.5,3149316.0,2944610.0,204706
Michigan,2019,4,3.8,1006450.0,968204.0,38246
Michigan,2021,9,5.8,658981.0,620760.0,38221
Washington,2010,7,8.3,3815929.0,3499206.0,316723
Florida,2019,5,7.6,2053341.0,1897287.0,156054
Washington,2021,10,6.4,4748455.0,4444553.0,303902
Pennsylvania,2020,9,4.8,,376864.0,19002
Texas,2023,12,9.4,1905518.0,,179119
California,2019,2,3.8,2246674.0,2161300.0,85374
Washington,2016,2,11.6,2082847.0,1841236.0,241611
Georgia,2018,3,11.4,1957596.0,1734430.0,223166
California,2023,12,6.9,4883725.0,4546747.0,336978
Florida,2016,6,3.1,2189934.0,2122046.0,67888
Florida,2016,7,4.3,2223091.0,2127498.0,95593
Washington,2014,4,,3130555.0,2942721.0,187834
Pennsylvania,2010,5,5.0,2132709.0,2026073.0,106636
Ohio,2012,5,8.5,99999999.0,2836599.0,263510
Texas,2015,9,11.0,2372759.0,2111755.0,261004
Pennsylvania,2022,7,12.0,2580017.0,2270414.0,309603
Texas,2017,11,10.2,3749279.0,3366852.0,382427
Georgia,2020,4,11.1,688574.0,612142.0,76432
Washington,2012,11,4.8,4546460.0,4328229.0,218231
California,2012,4,11.0,2398354.0,2134535.0,263819
Georgia,2020,12,8.7,606453.0,553691.0,52762
Georgia,2023,8,,2607743.0,2388692.0,219051
Florida,2016,11,2.6,4024482.0,3919845.0,104637
Ohio,2014,10,6.2,4261603.0,,264220
New York,2020,2,9.2,,2269224.0,229922
Illinois,2013,3,10.7,1050922.0,938473.0,112449
Texas,2016,12,7.5,3099610.0,2867139.0,232471
Ohio,2012,5,11.8,4701731.0,4146926.0,554805
Georgia,2010,10,9.3,518829.0,470577.0,48252
Texas,2020,7,10.7,3056151.0,2729142.0,327009
Michigan,2020,5,8.5,965256.0,883209.0,82047
Georgia,2019,6,4.0,4573447.0,4390509.0,182938
Georgia,2015,2,8.8,349265.0,318529.0,30736
Florida,2011,1,8.3,1907402.0,1749087.0,158315
Pennsylvania,2015,4,11.6,3445026.0,3045402.0,399624
Pennsylvania,2019,2,7.9,1958997.0,1804236.0,154761
Washington,2020,8,3.4,1529290.0,1477294.0,51996
Georgia,2013,8,-9.9,1499769.0,1453276.0,46493
California,2013,4,4.8,3717597.0,3539152.0,178445
Michigan,2022,11,,1994554.0,1777147.0,217407
Ohio,2016,8,10.9,1047272.0,933119.0,114153
New York,2012,4,,3219734.0,3071626.0,148108
Illinois,2017,5,3.1,2721158.0,2636802.0,84356
Ohio,2016,12,10.3,4330207.0,3884195.0,446012
Washington,2023,3,7.7,1590017.0,1467585.0,122432
Texas,2016,12,4.1,1567130.0,1502877.0,64253
Florida,2011,6,11.5,2687551.0,2378482.0,309069
Florida,2014,4,11.7,126616.0,111801.0,14815
Pennsylvania,2017,8,,1138218.0,1108624.0,29594
Pennsylvania,2022,8,3.7,2692806.0,2593172.0,99634
California,2013,4,4.5,1946357.0,1858770.0,87587
Florida,2011,6,10.7,2799134.0,2499626.0,299508
Pennsylvania,2016,6,7.1,4001403.0,3717303.0,284100
Ohio,2015,10,7.3,4187138.0,3881476.0,305662
Michigan,2010,1,6.9,596440.0,555285.0,41155
Michigan,2019,5,6.5,1803820.0,1686571.0,117249
Illinois,2011,3,11.9,,614853.0,83051
Washington,2016,7,7.8,3739688.0,3447992.0,291696
Pennsylvania,2013,10,4.4,4872945.0,4658535.0,214410
Illinois,2021,12,9.0,424934.0,386689.0,38245
Illinois,2012,2,3.7,3814755.0,3673609.0,141146
Illinois,2023,8,4.4,1272304.0,1216322.0,55982
California,2014,6,7.9,2099117.0,1933286.0,165831
Georgia,2013,12,7.8,4736440.0,4366997.0,369443
Georgia,2015,8,4.3,3300450.0,3158530.0,141920
New York,2022,6,10.3,2467893.0,2213700.0,254193
Georgia,2017,7,7.9,1916760.0,1765335.0,151425
Georgia,2023,3,11.4,4737370.0,4197309.0,540061
California,2020,5,4.2,3920888.0,3756210.0,164678
Illinois,2023,5,10.8,,4082960.0,494350
Georgia,2013,10,,,1542689.0,171410
Florida,2022,1,3.9,1330796.0,1278894.0,51902
California,2017,10,4.8,4380428.0,4170167.0,210261
Michigan,2023,8,4.5,2919182.0,2787818.0,131364
Michigan,2014,1,9.8,938927.0,846912.0,92015
Michigan,2011,6,6.6,4215741.0,3937502.0,278239
Michigan,2022,2,,4731889.0,4433779.0,298110
Ohio,2023,5,2.9,598512.0,581155.0,17357
Pennsylvania,2012,4,8.9,479593.0,436909.0,42684
Ohio,2016,4,5.1,3014611.0,2860865.0,153746
Illinois,2015,1,10.1,2921839.0,2626733.0,295106
Illinois,2021,1,9.8,,3589895.0,390033
Illinois,2017,8,11.3,,1277885.0,162798
California,2020,8,4.4,3697170.0,3534494.0,162676
Michigan,2020,1,4.5,4500852.0,4298313.0,202539
Ohio,2017,7,11.3,2897909.0,2570445.0,327464
Texas,2015,5,9.6,317314.0,286851.0,30463
New York,2020,8,2.8,2482962.0,,69523
Texas,2017,3,8.6,681904.0,623260.0,58644
Georgia,2012,8,5.5,2045537.0,1933032.0,112505
Georgia,2016,5,10.9,3474659.0,3095921.0,378738
Georgia,2019,1,5.2,2117337.0,2007235.0,110102
Florida,2019,1,9.2,520539.0,472649.0,47890
New York,2019,12,5.7,3597831.0,3392754.0,205077
Pennsylvania,2020,12,5.0,2622919.0,2491773.0,131146
California,2021,8,11.4,3949091.0,3498894.0,450197
Georgia,2021,11,,,2924567.0,102936
Pennsylvania,2021,8,5.7,4924574.0,4643873.0,280701
Texas,2012,10,2.5,2116328.0,2063419.0,52909
Washington,2013,8,8.0,370146.0,340534.0,29612
Pennsylvania,2014,3,9.7,4042863.0,3650705.0,392158
California,2012,12,10.7,,4082875.0,489214
Texas,2016,2,11.0,4275318.0,3805033.0,470285
Florida,2016,7,3.5,2698133.0,2603698.0,94435
Illinois,2011,3,5.8,1260152.0,1187063.0,73089
Florida,2010,4,,2465885.0,2377113.0,88772
California,2013,6,9.0,3024537.0,2752328.0,272209
Washington,2023,4,9.5,,1423836.0,149464
Pennsylvania,2018,10,7.7,397584.0,366970.0,30614
Michigan,2013,11,11.3,2971259.0,2635506.0,335753
New York,2015,8,8.7,3110087.0,2839509.0,270578
Texas,2019,9,11.5,3118439.0,2759818.0,358621
Michigan,2020,5,3.4,4786134.0,4623405.0,162729
Ohio,2017,11,11.8,3655912.0,3224514.0,431398
Texas,2010,8,2.8,2309821.0,2245146.0,64675
Michigan,2019,11,9.6,3144287.0,2842435.0,301852
Georgia,2021,10,10.0,2369798.0,2132818.0,236980
Washington,2014,8,5.8,2105534.0,,122121
Florida,2018,12,7.5,3059470.0,,229461
California,2010,9,,4561902.0,4196949.0,364953
California,2015,6,11.0,4225903.0,3761053.0,464850
Pennsylvania,2023,1,5.6,422137.0,398497.0,23640
California,2015,1,5.9,3463244.0,3258912.0,204332
Georgia,2012,8,10.2,808092.0,725666.0,82426
California,2014,8,11.4,768629.0,681005.0,87624
Washington,2010,7,,4338340.0,4012964.0,325376
Washington,2013,6,4.0,785503.0,754082.0,31421
Texas,2011,4,7.8,,,380439
Michigan,2021,7,7.4,678110.0,627929.0,50181
New York,2010,3,5.9,3810879.0,3586037.0,224842
Washington,2021,8,5.5,3006492.0,2841134.0,165358
California,2016,11,11.6,3346434.0,2958247.0,388187
Florida,2022,6,8.9,3345988.0,3048195.0,297793
Florida,2017,11,2.8,4390447.0,4267514.0,122933
Florida,2022,10,4.1,1920908.0,1842150.0,78758
Texas,2012,6,5.5,4470602.0,4224718.0,245884
Illinois,2016,2,10.9,3150999.0,2807540.0,343459
New York,2016,10,5.5,2433647.0,2299796.0,133851
New York,2023,10,5.5,459281.0,434020.0,25261
Ohio,2014,7,9.4,1185610.0,1074162.0,111448
Michigan,2014,6,11.5,3606172.0,3191462.0,414710
Florida,2022,7,7.3,859401.0,796664.0,62737
Texas,2017,10,7.4,3435379.0,3181160.0,254219
Georgia,2017,11,7.8,1659657.0,1530203.0,129454
California,2013,4,4.7,542244.0,516758.0,25486
Georgia,2017,6,6.7,507407.0,473410.0,33997
Michigan,2020,11,9.9,156635.0,141128.0,15507
Michigan,2023,1,6.6,4522888.0,4224377.0,298511
Illinois,2016,10,8.4,185166.0,169612.0,15554
Ohio,2013,7,6.5,,372020.0,25863
Texas,2022,8,6.5,1543401.0,1443079.0,100322
Washington,2018,10,5.7,1286430.0,1213103.0,73327
Illinois,2018,3,8.2,4007297.0,3678698.0,328599
Washington,2012,11,2.7,4235316.0,4120962.0,114354
Georgia,2022,7,3.8,4422751.0,4254686.0,168065
Texas,2021,9,6.5,,3336343.0,231939
California,2012,2,10.7,3057498.0,2730345.0,327153
Washington,2015,9,10.0,2035657.0,1832091.0,203566
Florida,2016,6,7.7,1009210.0,931500.0,77710
Pennsylvania,2016,7,7.7,1560235.0,1440096.0,120139
California,2022,1,4.6,3961460.0,3779232.0,182228
Pennsylvania,2014,10,3.4,3707323.0,3581274.0,126049
Georgia,2022,12,5.2,2028854.0,1923353.0,105501
Washington,2016,4,7.2,3109828.0,2885920.0,223908
New York,2013,4,4.0,3299039.0,3167077.0,131962
Ohio,2020,7,4.0,3587379.0,,143496
Illinois,2015,4,6.4,2529151.0,2367285.0,161866
Texas,2014,6,-9.9,601793.0,584942.0,16851
Georgia,2022,4,10.9,1870403.0,1666529.0,203874
Illinois,2016,3,6.4,1376485.0,1288389.0,88096
Florida,2018,4,8.9,665635.0,606393.0,59242
Texas,2011,5,4.0,4822340.0,4629446.0,192894
Georgia,2019,4,5.1,3211500.0,3047713.0,163787
Washington,2018,10,,,461544.0,36347
New York,2019,3,8.0,,3518517.0,305959
New York,2014,2,6.6,4950825.0,,326755
Texas,2011,12,8.8,3153407.0,,277500
Michigan,2014,11,5.1,1251882.0,1188036.0,63846
Michigan,2014,4,8.2,,734647.0,65623
Texas,2021,1,11.0,4818912.0,4288831.0,530081
Ohio,2019,7,4.9,1508791.0,1434860.0,73931
Florida,2021,3,3.7,2831303.0,2726544.0,104759
Texas,2020,11,10.5,99999999.0,,60391
New York,2019,11,8.1,976336.0,897252.0,79084
Texas,2021,6,6.6,2385221.0,2227796.0,157425
Illinois,2022,10,9.1,4012487.0,3647350.0,365137
California,2022,8,,4739022.0,4284075.0,454947
Ohio,2015,6,3.7,1008017.0,,37297
Illinois,2011,10,8.1,2218219.0,2038543.0,179676
Washington,2018,10,3.3,3446145.0,3332422.0,113723
Florida,2016,12,9.9,4275282.0,3852029.0,423253
Florida,2017,6,5.3,3700952.0,3504801.0,196151
Texas,2022,12,8.1,1296311.0,1191309.0,105002
Ohio,2019,5,8.2,4888109.0,4487284.0,400825
Texas,2019,12,3.9,236645.0,227415.0,9230
Florida,2022,4,9.4,2535919.0,2297542.0,238377
Florida,2017,9,-9.9,2729137.0,2581763.0,147374
Georgia,2012,7,2.5,2119450.0,2066463.0,52987
Ohio,2013,5,8.5,4224390.0,3865316.0,359074
Georgia,2021,1,8.8,1888220.0,1722056.0,166164
Michigan,2023,12,11.3,1941646.0,1722240.0,219406
Texas,2014,11,6.3,1919239.0,1798326.0,120913
California,2014,3,5.9,2569970.0,2418341.0,151629
Georgia,2023,7,10.2,2678682.0,2405456.0,273226
Florida,2012,5,7.4,4704229.0,4356116.0,348113
Illinois,2015,2,8.3,,306258.0,27721
Illinois,2017,7,7.1,4144630.0,3850361.0,294269
Michigan,2015,8,6.3,2555257.0,2394275.0,160982
New York,2013,3,10.2,3403481.0,3056325.0,347156
Ohio,2010,1,7.1,879091.0,816675.0,62416
Georgia,2017,3,,1064795.0,1000907.0,63888
New York,2014,11,3.6,1720179.0,1658252.0,61927
Florida,2018,7,,2434482.0,2171557.0,262925
Georgia,2020,11,4.3,1384283.0,1324758.0,59525
Illinois,2015,12,6.7,1603061.0,1495655.0,107406
New York,2017,4,,641529.0,592131.0,49398
New York,2019,7,8.1,1641019.0,1508096.0,132923
Illinois,2013,8,3.0,163014.0,158123.0,4891
New York,2021,7,4.7,4632889.0,4415143.0,217746
Washington,2020,11,2.9,456778.0,443531.0,13247
New York,2015,4,5.4,1631817.0,1543698.0,88119
California,2012,8,,4062931.0,,312846
Georgia,2017,7,8.6,2126819.0,1943912.0,182907
Illinois,2021,10,9.8,832722.0,751115.0,81607
Ohio,2014,5,5.5,1134104.0,1071728.0,62376
Illinois,2022,6,5.4,4201599.0,3974712.0,226887
California,2016,10,6.4,4979797.0,4661089.0,318708
Illinois,2016,7,5.5,,2415342.0,140576
Illinois,2019,9,3.1,2466304.0,2389848.0,76456
Florida,2023,3,8.8,3830370.0,3493297.0,337073
Florida,2022,8,11.9,901125.0,,107234
Washington,2020,5,6.7,2091161.0,1951053.0,140108
Georgia,2016,9,11.4,1508277.0,1336333.0,171944
California,2011,1,3.9,3766569.0,3619672.0,146897
Illinois,2016,2,6.3,932307.0,873571.0,58736
California,2010,12,,2468417.0,,153042
Florida,2010,4,4.5,,394012.0,18567
California,2016,2,10.8,,3191392.0,386402
Pennsylvania,2022,8,10.1,2992531.0,2690285.0,302246
Illinois,2011,12,5.3,3928239.0,3720042.0,208197
New York,2020,11,6.0,4905028.0,4610726.0,294302
California,2016,10,7.0,,2240935.0,168673
Florida,2023,6,7.0,,2201642.0,165715
Florida,2011,10,5.1,3350428.0,3179556.0,170872
California,2019,10,11.7,3978551.0,3513060.0,465491
Georgia,2012,5,6.5,1776644.0,1661162.0,115482
Illinois,2019,1,3.9,3402923.0,3270209.0,132714
Georgia,2023,11,5.7,3656597.0,3448170.0,208427
Ohio,2021,7,4.7,2189706.0,2086789.0,102917
Ohio,2011,4,2.7,714673.0,695376.0,19297
New York,2016,11,,854085.0,795153.0,58932
Ohio,2019,1,10.4,851993.0,763385.0,88608
Florida,2020,2,5.0,4202748.0,3992610.0,210138
Pennsylvania,2015,2,10.3,2674469.0,2398998.0,275471
Washington,2018,7,8.2,437462.0,401590.0,35872
Michigan,2021,12,2.6,4366399.0,4252872.0,113527
Ohio,2016,5,9.8,1002473.0,,98243
Michigan,2019,7,6.7,1743906.0,1627064.0,116842
New York,2019,12,4.8,1615554.0,1538007.0,77547
Georgia,2021,6,7.4,3846962.0,3562286.0,284676
New York,2017,8,10.5,3516403.0,,369223
Florida,2012,5,2.7,2489127.0,2421920.0,67207
Michigan,2022,3,10.8,1351661.0,1205681.0,145980
Ohio,2018,7,3.4,4812037.0,4648427.0,163610
Texas,2018,6,7.6,4570756.0,4223378.0,347378
California,2019,11,8.1,1790992.0,1645921.0,145071
Illinois,2011,12,11.8,1117497.0,985632.0,131865
Illinois,2013,9,3.1,3194510.0,3095480.0,99030
Ohio,2020,9,3.9,290285.0,278963.0,11322
Texas,2020,12,4.1,3228411.0,,132365
New York,2017,11,9.8,2802303.0,2527677.0,274626
Florida,2021,1,2.7,1211288.0,1178583.0,32705
Texas,2012,10,8.2,704111.0,646373.0,57738
Pennsylvania,2016,5,3.4,1567217.0,1513931.0,53286
Texas,2011,10,7.7,2163729.0,1997121.0,166608
Texas,2018,7,9.9,1504962.0,1355970.0,148992
Michigan,2014,10,10.8,2439189.0,2175756.0,263433
Pennsylvania,2018,1,-9.9,4170101.0,3903214.0,266887
Michigan,2017,6,4.4,1824854.0,1744560.0,80294
California,2012,12,10.1,4496208.0,4042090.0,454118
Ohio,2019,3,3.8,2935623.0,,111554
Georgia,2022,7,7.9,2605365.0,2399541.0,205824
New York,2021,8,4.0,333462.0,320123.0,13339
Georgia,2014,10,11.1,3888264.0,3456666.0,431598
California,2015,7,5.4,1864694.0,1764000.0,100694
Michigan,2023,11,5.8,4552664.0,4288609.0,264055
Michigan,2016,11,7.9,4922481.0,4533605.0,388876
Pennsylvania,2012,8,4.9,1694502.0,1611471.0,83031
Texas,2013,11,5.0,2660244.0,2527231.0,133013
Illinois,2014,10,7.4,,4411923.0,352573
Michigan,2013,5,11.2,1740027.0,1545143.0,194884
California,2021,9,4.2,3045081.0,2917187.0,127894
Texas,2018,6,11.1,1778332.0,1580937.0,197395
Georgia,2015,11,8.1,392007.0,360254.0,31753
New York,2016,5,7.0,3028785.0,2816770.0,212015
California,2013,8,7.5,487773.0,451190.0,36583
California,2013,9,2.7,,1504642.0,41753
Texas,2018,2,8.5,1467064.0,1342363.0,124701
Georgia,2012,9,7.9,4814386.0,4434049.0,380337
California,2011,12,10.0,2025464.0,1822917.0,202547
Georgia,2014,10,3.1,1884094.0,1825687.0,58407
Washington,2019,9,4.5,449115.0,428904.0,20211
Pennsylvania,2013,9,8.2,3246243.0,2980051.0,266192
Pennsylvania,2018,9,5.3,1700720.0,1610581.0,90139
New York,2018,4,9.2,2069412.0,1879026.0,190386
Florida,2011,2,10.3,3775049.0,3386218.0,388831
Washington,2022,9,10.9,1787023.0,1592237.0,194786
Illinois,2023,5,2.5,3879044.0,3782067.0,96977
Washington,2022,4,7.3,4674475.0,4333238.0,341237
Ohio,2019,12,9.7,1130451.0,1020797.0,109654
Michigan,2011,6,6.4,3131830.0,2931392.0,200438
Michigan,2017,7,,2896749.0,2801156.0,95593
Washington,2012,5,9.8,,1056415.0,114777
Texas,2013,12,3.0,3610764.0,3502441.0,108323
Texas,2018,10,,2460901.0,2264028.0,196873
New York,2019,3,6.6,3052053.0,2850617.0,201436
Florida,2014,3,6.3,4203099.0,3938303.0,264796
New York,2023,8,10.3,684718.0,,70526
Illinois,2021,7,9.8,2604973.0,,255288
California,2012,6,8.6,869565.0,794782.0,74783
New York,2010,9,11.1,2217191.0,1971082.0,246109
Texas,2021,4,7.1,4402096.0,4089547.0,312549
Michigan,2020,10,9.8,1005112.0,906611.0,98501
Georgia,2017,2,11.5,3964860.0,3508901.0,455959
Illinois,2016,1,8.9,3583978.0,3265003.0,318975
Washington,2012,2,3.1,486213.0,471140.0,15073
New York,2019,5,9.0,1022426.0,930407.0,92019
Pennsylvania,2012,4,5.2,152949.0,144995.0,7954
Michigan,2018,1,8.2,1615509.0,1483037.0,132472
Florida,2012,11,8.6,2269068.0,,195140
Pennsylvania,2016,11,11.6,4032623.0,3564838.0,467785
Georgia,2016,12,4.3,1129242.0,1080684.0,48558
Washington,2014,1,4.3,3524638.0,3373078.0,151560
California,2012,5,11.8,3743394.0,3301673.0,441721
Florida,2023,3,10.5,4786270.0,4283711.0,502559
California,2021,8,3.8,3022321.0,2907472.0,114849
Texas,2015,2,2.9,2157797.0,2095220.0,62577
Texas,2013,7,5.1,3299362.0,3131094.0,168268
Illinois,2011,8,11.8,2665820.0,2351253.0,314567
Florida,2010,1,3.0,1044461.0,1013127.0,31334
Illinois,2022,2,4.1,4430972.0,4249302.0,181670
Michigan,2022,9,3.8,1464359.0,1408713.0,55646
Georgia,2011,1,6.8,247032.0,230233.0,16799
Pennsylvania,2023,4,6.5,1818562.0,1700355.0,118207
Ohio,2011,10,8.9,2861642.0,2606955.0,254687
California,2019,7,9.6,2858566.0,2584143.0,274423
Texas,2023,6,5.5,,3217826.0,187281
New York,2018,5,4.4,3219812.0,3078140.0,141672
Washington,2018,2,2.5,4133123.0,4029794.0,103329
Georgia,2015,6,10.3,,3539831.0,406469
Georgia,2020,1,9.4,4711008.0,4268173.0,442835
California,2010,8,5.4,3269562.0,3093005.0,176557
California,2021,10,3.6,1963907.0,1893206.0,70701
Georgia,2023,2,3.0,1913353.0,1855952.0,57401
Pennsylvania,2017,1,6.2,4526421.0,4245782.0,280639
California,2014,11,8.9,4745289.0,4322958.0,422331
California,2011,7,8.9,2129341.0,,189512
Washington,2011,10,2.9,3579799.0,3475984.0,103815
Texas,2019,7,9.7,,2254455.0,242174
Washington,2010,4,11.9,566995.0,499522.0,67473
Texas,2020,5,7.6,4922778.0,4548646.0,374132
Washington,2012,8,10.3,1342522.0,1204242.0,138280
Georgia,2017,1,11.5,1397776.0,1237031.0,160745
Pennsylvania,2016,3,6.6,3872088.0,3616530.0,255558
Michigan,2021,3,6.0,3986613.0,3747416.0,239197
Florida,2023,3,,761440.0,718799.0,42641
Texas,2016,10,5.3,481325.0,455814.0,25511
Michigan,2018,8,3.7,705751.0,,26113
Michigan,2012,9,3.2,4911889.0,4754708.0,157181
California,2013,5,7.7,106464.0,98266.0,8198
New York,2010,11,9.5,1518767.0,1374484.0,144283
Georgia,2017,10,7.4,2176259.0,2015215.0,161044
Washington,2020,1,10.3,1496102.0,1342003.0,154099
Ohio,2016,12,5.2,532941.0,505228.0,27713
Florida,2023,7,8.1,4026449.0,3700306.0,326143
California,2014,12,10.1,4600328.0,4135694.0,464634
Florida,2010,6,,4854489.0,4679727.0,174762
Georgia,2012,2,4.6,1880832.0,1794313.0,86519
Michigan,2016,10,4.5,2280139.0,2177532.0,102607
Washington,2010,4,4.2,2628474.0,2518078.0,110396
Illinois,2014,2,9.8,,1365598.0,148369
Michigan,2015,7,7.0,3511097.0,3265320.0,245777
New York,2012,7,8.5,4668672.0,4271834.0,396838
Illinois,2018,7,9.6,1961663.0,1773343.0,188320
Texas,2020,7,10.3,3878271.0,3478809.0,399462
Georgia,2016,10,3.9,3381121.0,3249257.0,131864
Florida,2014,12,3.8,4162834.0,4004646.0,158188
Washington,2012,12,8.2,3395784.0,3117329.0,278455
California,2023,11,10.1,2123553.0,1909074.0,214479
Florida,2011,7,6.4,644344.0,603105.0,41239
Michigan,2021,6,3.2,696682.0,674388.0,22294
Washington,2018,5,5.9,4969236.0,4676051.0,293185
Georgia,2018,8,3.9,4834071.0,4645542.0,188529
California,2010,8,11.2,906017.0,804543.0,101474
Illinois,2021,8,5.4,1295344.0,1225395.0,69949
California,2014,2,11.7,3176263.0,2804640.0,371623
Washington,2020,5,7.7,4901436.0,4524025.0,377411
Pennsylvania,2019,1,4.4,1017999.0,973207.0,44792
Florida,2014,2,4.4,349264.0,333896.0,15368
Florida,2011,11,9.5,3709134.0,3356766.0,352368
Illinois,2022,11,6.9,1886852.0,1756659.0,130193
Michigan,2012,10,11.2,142137.0,126217.0,15920
Washington,2023,12,8.4,3394900.0,3109728.0,285172
New York,2011,1,11.1,2660272.0,2364981.0,295291
California,2021,1,5.5,2255138.0,2131105.0,124033
California,2016,10,,4250579.0,3995544.0,255035
Florida,2014,6,8.4,1860143.0,1703890.0,156253
Pennsylvania,2022,6,6.3,2171088.0,2034309.0,136779
Illinois,2019,6,8.9,4960345.0,4518874.0,441471
Pennsylvania,2022,7,5.9,3849199.0,3622096.0,227103
Michigan,2018,11,3.6,3238893.0,3122292.0,116601
Michigan,2010,10,2.8,2921058.0,2839268.0,81790
Florida,2013,10,11.6,4028683.0,3561355.0,467328
California,2021,10,7.5,1163692.0,1076415.0,87277
Pennsylvania,2023,2,8.8,3973691.0,3624006.0,349685
Florida,2017,2,2.7,2416374.0,2351131.0,65243
Michigan,2010,12,9.5,2857506.0,2586042.0,271464
Michigan,2021,8,9.8,3540227.0,3193284.0,346943
New York,2011,12,8.7,449317.0,410226.0,39091
Florida,2015,2,5.6,3758997.0,,210504
Ohio,2012,8,7.0,4531407.0,4214208.0,317199
New York,2015,4,,1147146.0,1023254.0,123892
Ohio,2016,11,,3032878.0,2759918.0,272960
New York,2019,5,9.2,922564.0,837688.0,84876
Illinois,2012,6,,2168884.0,2071284.0,97600
Pennsylvania,2014,9,7.8,2303463.0,2123792.0,179671
Washington,2017,3,5.4,2226861.0,2106610.0,120251
Washington,2021,6,7.5,4789133.0,4429948.0,359185
Texas,2018,10,9.4,998704.0,904825.0,93879
New York,2023,3,7.1,2976262.0,2764947.0,211315
Florida,2019,2,6.1,128885.0,121023.0,7862
Illinois,2013,2,9.4,3229985.0,2926366.0,303619
California,2019,2,4.2,1218844.0,1167652.0,51192
New York,2020,9,8.2,1557913.0,1430164.0,127749
Ohio,2013,10,10.2,1088167.0,,110994
Florida,2022,10,6.6,548013.0,511844.0,36169
Georgia,2011,5,10.1,642955.0,578016.0,64939
Texas,2023,7,11.0,4891126.0,4353102.0,538024
Michigan,2018,1,9.4,2153413.0,1950992.0,202421
Georgia,2022,12,5.5,2891241.0,2732222.0,159019
Michigan,2023,10,3.0,2128594.0,2064736.0,63858
Texas,2015,8,5.6,3883799.0,3666306.0,217493
Pennsylvania,2014,8,4.2,532184.0,509832.0,22352
Michigan,2017,1,6.6,3008087.0,2809553.0,198534
Illinois,2013,12,4.8,4417293.0,4205262.0,212031
Illinois,2013,10,3.1,2831801.0,2744015.0,87786
Illinois,2020,7,2.8,141139.0,137187.0,3952
Pennsylvania,2023,7,3.6,1085663.0,1046579.0,39084
Michigan,2017,1,10.5,3061937.0,2740433.0,321504
California,2014,2,8.4,2220700.0,2034161.0,186539
Georgia,2011,8,8.4,281789.0,258118.0,23671
Ohio,2019,7,9.8,902009.0,813612.0,88397
Florida,2010,8,7.4,2355913.0,2181575.0,174338
New York,2011,5,5.3,,1282549.0,71780
Michigan,2020,6,4.1,3594679.0,3447297.0,147382
Texas,2014,9,,3069656.0,2851710.0,217946
Ohio,2019,6,4.9,2187001.0,,107164
Pennsylvania,2020,10,7.4,1831530.0,1695996.0,135534
Texas,2022,5,8.2,3473694.0,3188851.0,284843
Ohio,2016,10,10.6,768875.0,687374.0,81501
Michigan,2017,12,10.1,1978798.0,1778939.0,199859
Ohio,2022,5,4.3,2180563.0,2086798.0,93765
Illinois,2014,2,10.5,2777374.0,2485749.0,291625
Michigan,2017,12,8.9,,815233.0,79645
Florida,2014,6,7.0,,2020119.0,152052
Washington,2022,5,,,4087019.0,557321
California,2020,7,4.5,4067610.0,3884567.0,183043
Florida,2017,5,5.5,4243403.0,4010015.0,233388
Washington,2014,1,3.3,3053028.0,2952278.0,100750
Georgia,2013,6,8.4,3893092.0,3566072.0,327020
Texas,2023,2,9.6,3690511.0,3336221.0,354290
Washington,2023,11,11.4,856547.0,758900.0,97647
Ohio,2010,7,9.2,4923416.0,4470461.0,452955
Georgia,2014,3,4.8,1659049.0,1579414.0,79635
Georgia,2013,2,2.9,4061635.0,3943847.0,117788
Illinois,2016,12,4.8,4125282.0,3927268.0,198014
Illinois,2022,5,4.2,1906242.0,1826179.0,80063
Illinois,2016,2,9.7,,3759250.0,403818
Illinois,2022,2,9.6,2167791.0,1959683.0,208108
Florida,2014,2,7.0,320326.0,297903.0,22423
Washington,2010,11,3.0,4584781.0,4447237.0,137544
Washington,2015,7,2.7,4627549.0,4502605.0,124944
Georgia,2016,6,3.2,4669146.0,4519733.0,149413
Illinois,2013,7,4.9,,1664463.0,85761
Pennsylvania,2017,7,10.1,684942.0,615762.0,69180
Pennsylvania,2012,11,7.3,448848.0,416082.0,32766
Washington,2018,11,6.8,2243167.0,2090631.0,152536
Florida,2012,6,9.0,1645329.0,1497249.0,148080
Illinois,2011,7,6.6,3918806.0,3660164.0,258642
Ohio,2017,4,10.8,3834942.0,3420768.0,414174
Washington,2016,6,7.8,1978166.0,1823869.0,154297
Ohio,2014,1,7.0,1972204.0,1834149.0,138055
New York,2023,2,4.2,4327939.0,4146165.0,181774
Florida,2013,3,7.0,4047526.0,3764199.0,283327
Illinois,2021,5,5.7,2123969.0,2002902.0,121067
Texas,2014,7,11.9,3774153.0,3325028.0,449125
Illinois,2022,7,11.0,3718313.0,3309298.0,409015
Georgia,2020,12,9.2,386100.0,350578.0,35522
Pennsylvania,2010,12,11.6,3139316.0,2775155.0,364161
Ohio,2010,9,2.9,4067454.0,3949497.0,117957
Florida,2022,8,6.6,1381507.0,1290327.0,91180
Texas,2010,8,11.0,4297930.0,3825157.0,472773
California,2013,10,,3131301.0,,153434
Illinois,2010,7,5.7,354043.0,333862.0,20181
Pennsylvania,2023,7,3.0,1945733.0,1887361.0,58372
Georgia,2018,12,-9.9,573006.0,544355.0,28651
Georgia,2018,3,6.3,3304288.0,3096117.0,208171
New York,2019,5,6.2,1329351.0,1246931.0,82420
New York,2018,6,3.1,597619.0,579092.0,18527
Florida,2021,2,5.4,1522533.0,1440316.0,82217
New York,2014,1,11.1,1493488.0,1327710.0,165778
Texas,2012,3,9.0,3626185.0,3299828.0,326357
Washington,2020,4,10.0,2693050.0,2423745.0,269305
Texas,2023,4,9.6,1180132.0,1066839.0,113293
Michigan,2011,5,11.6,1762918.0,1558419.0,204499
California,2016,4,3.4,4477987.0,4325735.0,152252
Georgia,2018,5,3.0,2060220.0,,61807
Illinois,2013,3,3.5,2248164.0,2169478.0,78686
Texas,2019,9,8.8,2308977.0,2105787.0,203190
California,2023,8,10.3,815003.0,731057.0,83946
Illinois,2021,8,5.7,936002.0,882649.0,53353
Georgia,2020,3,5.7,1869107.0,1762567.0,106540
California,2014,1,9.6,4754126.0,4297729.0,456397
Michigan,2021,6,6.7,837197.0,781104.0,56093
Texas,2020,7,10.8,129777.0,115761.0,14016
Pennsylvania,2015,2,6.0,2903089.0,2728903.0,174186
Georgia,2020,9,10.7,4853954.0,4334580.0,519374
Texas,2014,12,,3209823.0,,292094
Illinois,2021,12,4.0,1256245.0,1205995.0,50250
Michigan,2013,6,3.5,1376120.0,1327955.0,48165
California,2016,9,3.0,1908516.0,1851260.0,57256
Texas,2019,6,9.8,1861126.0,1678735.0,182391
Texas,2011,10,-9.9,1817355.0,1681053.0,136302
Washington,2010,4,6.3,3342792.0,3132196.0,210596
New York,2021,11,3.3,4785942.0,4628005.0,157937
Texas,2015,2,8.2,4068178.0,3734587.0,333591
Texas,2021,6,10.5,4717631.0,4222279.0,495352
New York,2012,6,8.9,1817826.0,1656039.0,161787
California,2016,8,10.8,2958214.0,,319488
Pennsylvania,2010,4,4.5,4343780.0,4148309.0,195471
Washington,2018,11,7.3,2881460.0,2671113.0,210347
Pennsylvania,2015,4,10.8,1719426.0,1533727.0,185699
New York,2013,9,5.4,2238421.0,,120875
New York,2017,12,6.6,,3707997.0,262022
Georgia,2010,4,5.5,1640450.0,1550225.0,90225
California,2018,2,2.6,4306771.0,4194794.0,111977
Texas,2013,12,9.1,2764921.0,2513313.0,251608
Georgia,2020,7,10.7,4454489.0,3977858.0,476631
Pennsylvania,2014,4,10.6,2469320.0,2207572.0,261748
Illinois,2014,12,7.5,4102761.0,3795053.0,307708
California,2018,8,6.6,4131103.0,3858450.0,272653
New York,2012,8,,,1425731.0,86179
Ohio,2017,10,8.5,1750375.0,1601593.0,148782
Michigan,2022,2,11.3,1073215.0,,121274
Florida,2018,2,5.0,4802104.0,4561998.0,240106
Michigan,2016,1,6.8,2631196.0,2452274.0,178922
Michigan,2020,6,5.4,900981.0,852328.0,48653
Florida,2018,12,2.9,4843216.0,4702762.0,140454
Florida,2010,6,10.2,1350469.0,1212721.0,137748
Georgia,2014,5,6.6,2273577.0,2123520.0,150057
Washington,2020,12,10.1,3525077.0,3169044.0,356033
Georgia,2012,2,10.8,3731453.0,3328456.0,402997
Illinois,2020,5,8.7,3587924.0,3275774.0,312150
Michigan,2022,4,8.4,,4261724.0,390814
Washington,2022,11,4.6,3947593.0,3766003.0,181590
Ohio,2020,6,6.2,3664507.0,3437307.0,227200
Texas,2014,10,7.3,,2909651.0,229132
Georgia,2022,10,5.7,4866589.0,4589193.0,277396
New York,2017,4,8.7,757253.0,691371.0,65882
Washington,2020,11,4.6,641797.0,612274.0,29523
Texas,2020,4,10.3,1896218.0,,195311
California,2012,3,8.7,,329328.0,31382
California,2018,11,6.7,3903074.0,3641568.0,261506
New York,2011,2,3.1,3962012.0,3839189.0,122823
Washington,2014,9,6.6,1280859.0,1196322.0,84537
Georgia,2022,10,-9.9,1561742.0,1482093.0,79649
Georgia,2010,3,7.0,2178937.0,2026411.0,152526
Ohio,2022,10,9.3,2527115.0,2292093.0,235022
Washington,2017,5,3.7,,4094628.0,157323
California,2014,3,10.8,989694.0,882807.0,106887
Pennsylvania,2016,11,3.2,3721301.0,3602219.0,119082
Georgia,2019,10,7.9,2283525.0,2103126.0,180399
Illinois,2020,8,,4768223.0,4539348.0,228875
Georgia,2014,8,11.2,937566.0,832558.0,105008
Ohio,2017,4,7.4,1323981.0,1226006.0,97975
Texas,2018,9,,3480889.0,3362538.0,118351
Washington,2022,6,4.3,3244787.0,3105261.0,139526
Georgia,2014,6,11.5,556104.0,,63952
Pennsylvania,2022,6,3.0,2267461.0,2199437.0,68024
Ohio,2010,9,5.8,2863262.0,2697192.0,166070
Pennsylvania,2022,10,6.7,2837968.0,2647824.0,190144
Pennsylvania,2016,5,11.0,4045123.0,3600159.0,444964
Illinois,2020,10,3.7,1880248.0,1810678.0,69570
Illinois,2014,11,11.6,4895817.0,4327902.0,567915
Florida,2018,6,5.6,3079845.0,2907373.0,172472
Washington,2015,5,9.9,753817.0,679189.0,74628
Texas,2016,2,3.0,4976691.0,4827390.0,149301
Michigan,2017,4,8.6,1597850.0,1460434.0,137416
California,2014,4,11.6,4110088.0,3633317.0,476771
New York,2023,7,4.2,4430453.0,4244373.0,186080
Washington,2022,1,2.6,2760891.0,2689107.0,71784
Florida,2017,11,8.6,2063957.0,1886456.0,177501
Illinois,2011,11,10.4,3831570.0,3433086.0,398484
Florida,2020,5,6.4,1690346.0,1582163.0,108183
Texas,2011,7,11.1,3354449.0,2982105.0,372344
Michigan,2016,11,,360102.0,335615.0,24487
California,2019,1,,1443054.0,1392547.0,50507
Texas,2018,7,4.6,3307443.0,3155300.0,152143
Texas,2014,4,4.3,3560096.0,3407011.0,153085
Pennsylvania,2012,6,5.7,1661014.0,1566336.0,94678
Illinois,2019,3,10.1,3357983.0,3018826.0,339157
New York,2015,8,8.6,851972.0,778702.0,73270
Ohio,2013,4,3.3,2339155.0,2261962.0,77193
Ohio,2011,2,3.7,2955825.0,2846459.0,109366
Georgia,2011,5,4.6,124363.0,118642.0,5721
Michigan,2016,6,,1598447.0,1532910.0,65537
New York,2018,1,4.1,1695123.0,,69501
California,2012,10,9.0,1491538.0,,134239
Florida,2011,3,4.6,271236.0,258759.0,12477
Texas,2013,12,,4188077.0,3890723.0,297354
Michigan,2021,3,7.9,3057817.0,2816249.0,241568
Washington,2019,11,4.2,4614153.0,4420358.0,193795
Illinois,2010,1,7.0,3042609.0,2829626.0,212983
Illinois,2023,9,2.5,2040593.0,1989578.0,51015
Illinois,2015,8,10.0,3850222.0,,385023
Florida,2011,2,3.9,3269451.0,3141942.0,127509
Michigan,2020,3,6.3,1562333.0,1463906.0,98427
Washington,2015,10,11.1,524190.0,466004.0,58186
Florida,2019,9,10.2,2779244.0,,283483
Florida,2016,1,11.7,4061643.0,3586430.0,475213
Texas,2021,5,3.8,3861054.0,3714333.0,146721
Illinois,2019,1,5.3,2443453.0,,129504
Texas,2021,3,4.4,3948444.0,3774712.0,173732
Illinois,2019,2,11.8,3438669.0,3032906.0,405763
Florida,2018,3,,4460866.0,4277970.0,182896
Michigan,2016,9,2.7,4580757.0,4457076.0,123681
Illinois,2021,12,10.0,2890353.0,2601317.0,289036
Ohio,2019,10,9.2,682314.0,619541.0,62773
Illinois,2011,5,7.3,3788190.0,3511652.0,276538
Georgia,2015,7,5.3,804824.0,762168.0,42656
Pennsylvania,2014,6,10.1,1803728.0,1621551.0,182177
Washington,2021,1,9.3,3322026.0,3013077.0,308949
Michigan,2011,10,4.0,4594893.0,4411097.0,183796
Georgia,2014,11,6.8,3887132.0,3622807.0,264325
Pennsylvania,2011,9,,4137746.0,3657767.0,479979
Florida,2017,9,8.8,,2607749.0,251625
Pennsylvania,2012,7,11.5,2952889.0,2613306.0,339583
New York,2011,10,9.6,1500507.0,1356458.0,144049
Illinois,2010,3,10.8,,2376700.0,287762
Michigan,2016,10,4.2,776935.0,744303.0,32632
Ohio,2019,12,3.2,501072.0,485037.0,16035
Washington,2014,6,9.5,1056010.0,955689.0,100321
Michigan,2010,11,9.2,4568852.0,4148517.0,420335
Washington,2022,7,7.3,519503.0,481579.0,37924
California,2010,6,5.3,258253.0,244565.0,13688
Texas,2015,10,9.3,1379898.0,1251567.0,128331
Illinois,2017,12,4.3,4590998.0,4393585.0,197413
Washington,2015,6,6.9,2247865.0,2092762.0,155103
Michigan,2021,3,8.6,1088722.0,995091.0,93631
Michigan,2016,8,3.4,2854036.0,2756998.0,97038
Michigan,2020,9,4.1,453153.0,434573.0,18580
Illinois,2022,2,9.2,,3814646.0,386507
New York,2015,3,3.3,962839.0,931065.0,31774
Georgia,2016,1,9.3,775025.0,702947.0,72078
Michigan,2018,4,,99999999.0,1507884.0,197868
Florida,2014,1,8.9,2543292.0,2316939.0,226353
Texas,2021,9,5.6,1133388.0,1069918.0,63470
Pennsylvania,2012,6,9.5,4959382.0,4488240.0,471142
Washington,2023,3,8.5,2437422.0,2230241.0,207181
Washington,2018,11,6.0,620112.0,582905.0,37207
New York,2011,8,2.6,2518853.0,2453362.0,65491
New York,2017,10,11.8,4484077.0,3954955.0,529122
Illinois,2010,5,8.4,1491449.0,1366167.0,125282
Texas,2018,6,9.8,1767832.0,1594584.0,173248
California,2014,11,11.5,1013605.0,897040.0,116565
Michigan,2021,4,3.3,2132656.0,2062278.0,70378
Pennsylvania,2019,4,4.5,1367403.0,1305869.0,61534
Texas,2017,6,11.7,477224.0,421388.0,55836
Ohio,2020,5,3.0,334433.0,324400.0,10033
Pennsylvania,2010,7,8.6,1982226.0,,170472
Michigan,2018,2,9.2,3111098.0,2824876.0,286222
New York,2011,7,8.2,921939.0,846340.0,75599
Ohio,2022,4,7.2,3714705.0,3447246.0,267459
Illinois,2011,9,9.8,4032613.0,3637416.0,395197
Illinois,2018,3,8.7,2296274.0,2096498.0,199776
Ohio,2022,3,8.3,4196920.0,3848575.0,348345
Illinois,2012,3,7.4,2817956.0,2609427.0,208529
Texas,2015,7,,4219214.0,4012472.0,206742
Georgia,2012,12,,2896647.0,2554842.0,341805
Georgia,2010,8,7.4,,2328526.0,186081
Texas,2013,12,5.3,2795145.0,2647002.0,148143
Michigan,2018,8,3.3,1119051.0,1082122.0,36929
Illinois,2017,2,2.7,4174161.0,4061458.0,112703
Texas,2013,1,8.6,3405640.0,3112754.0,292886
Washington,2017,2,3.7,775899.0,,28709
Michigan,2012,10,9.2,4633910.0,4207590.0,426320
Ohio,2023,1,3.2,,1198821.0,39631
California,2016,9,5.9,2388013.0,2247120.0,140893
Florida,2023,3,10.1,4922455.0,4425287.0,497168
Texas,2016,1,10.4,150248.0,134622.0,15626
California,2022,6,,340346.0,,26888
Georgia,2012,8,7.1,362739.0,336984.0,25755
Illinois,2013,10,4.8,368116.0,350446.0,17670
Washington,2022,1,2.8,3877807.0,3769228.0,108579
New York,2019,8,3.3,259472.0,250909.0,8563
Ohio,2011,11,6.1,1879472.0,1764824.0,114648
Illinois,2015,8,5.1,2426168.0,2302433.0,123735
Texas,2018,12,8.8,4241314.0,3868078.0,373236
Florida,2015,7,5.7,4657612.0,4392128.0,265484
Texas,2022,10,10.3,4252109.0,3814141.0,437968
Washington,2017,11,11.1,3473328.0,3087788.0,385540
Pennsylvania,2013,10,4.4,1848076.0,1766760.0,81316
Georgia,2020,9,5.6,1267213.0,1196249.0,70964
Texas,2014,10,7.2,2023298.0,1877620.0,145678
Pennsylvania,2013,6,8.9,4004413.0,3648020.0,356393
Ohio,2021,3,6.1,358480.0,336612.0,21868
Michigan,2013,7,3.6,1111214.0,1071210.0,40004
Ohio,2014,2,4.4,4297739.0,4108638.0,189101
Texas,2013,4,6.4,3035973.0,2841670.0,194303
Michigan,2020,10,7.6,2757179.0,2547633.0,209546
Pennsylvania,2011,11,9.5,3615530.0,3272054.0,343476
Ohio,2011,7,3.4,644653.0,622734.0,21919
Georgia,2019,3,11.9,4634666.0,4083140.0,551526
New York,2014,7,3.1,1320682.0,,40942
Michigan,2018,5,9.6,707317.0,639414.0,67903
Ohio,2021,4,5.4,4094417.0,3873318.0,221099
Michigan,2022,5,4.9,2976237.0,2830401.0,145836
Pennsylvania,2018,9,11.9,4847924.0,4271021.0,576903
Washington,2011,1,6.9,283024.0,263495.0,19529
California,2020,2,10.9,1151341.0,1025844.0,125497
New York,2021,4,7.9,2066849.0,1903567.0,163282
Michigan,2022,1,7.2,3395453.0,3150980.0,244473
California,2023,6,5.3,3797925.0,3596634.0,201291
Texas,2017,5,3.5,1092206.0,1053978.0,38228
Georgia,2015,8,4.8,1804491.0,1717875.0,86616
Illinois,2020,12,8.3,884278.0,810882.0,73396
Ohio,2011,11,8.7,2570562.0,2346923.0,223639
Florida,2022,10,,4825965.0,4584666.0,241299
Texas,2021,8,9.0,446229.0,406068.0,40161
Ohio,2017,4,5.8,,1858754.0,114446
Texas,2023,8,,1415502.0,1330571.0,84931
Washington,2018,5,,946462.0,850869.0,95593
Pennsylvania,2021,7,6.0,1544315.0,1451656.0,92659
Ohio,2011,6,11.9,1985190.0,1748952.0,236238
Georgia,2021,5,7.8,,2746820.0,232378
Washington,2019,4,4.0,2842651.0,2728944.0,113707
Pennsylvania,2012,7,11.0,2973798.0,2646680.0,327118
Texas,2019,3,9.5,4684751.0,4239699.0,445052
New York,2011,9,4.1,2443145.0,2342976.0,100169
Illinois,2013,12,7.8,741142.0,683332.0,57810
Pennsylvania,2019,4,7.7,1998238.0,1844373.0,153865
Ohio,2020,1,10.9,1535986.0,1368563.0,167423
Georgia,2012,5,11.8,3284074.0,2896553.0,387521
Texas,2021,6,,4841882.0,4323800.0,518082
Pennsylvania,2021,11,5.8,2840936.0,2676161.0,164775
Texas,2022,1,,3000203.0,2688181.0,312022
Michigan,2017,5,8.4,908062.0,831784.0,76278
Pennsylvania,2022,3,7.3,3178378.0,2946356.0,232022
Florida,2010,8,3.8,,3954558.0,156210
Pennsylvania,2018,10,6.8,991255.0,923849.0,67406
Michigan,2012,2,11.5,1981397.0,1753536.0,227861
Florida,2011,9,5.3,862557.0,816841.0,45716
Michigan,2023,8,6.0,682933.0,641957.0,40976
Pennsylvania,2016,11,-9.9,129092.0,118119.0,10973
Pennsylvania,2011,12,10.6,3609934.0,3227280.0,382654
Florida,2015,9,5.8,4842256.0,4561405.0,280851
Ohio,2019,5,3.3,99999999.0,3898842.0,133053
New York,2018,1,3.2,2318222.0,2244038.0,74184
Pennsylvania,2019,9,11.5,2232162.0,1975463.0,256699
Washington,2018,1,2.9,1751722.0,1700922.0,50800
Georgia,2013,7,6.5,2880877.0,2693619.0,187258
Michigan,2017,8,6.4,3217173.0,3011273.0,205900
Florida,2022,12,4.9,3133932.0,2980369.0,153563
Florida,2015,11,10.2,4523475.0,4062080.0,461395
Michigan,2015,11,9.1,2987225.0,2715387.0,271838
Michigan,2021,7,2.9,3840214.0,3728847.0,111367
Michigan,2019,10,7.6,2882540.0,,219074
Michigan,2016,4,10.6,145712.0,130266.0,15446
Texas,2022,2,,993150.0,913698.0,79452
Pennsylvania,2010,4,,1032196.0,916590.0,115606
Illinois,2016,8,8.3,1663482.0,1525412.0,138070
Illinois,2022,7,9.5,2264452.0,2049329.0,215123
Washington,2020,6,8.2,3344699.0,3070433.0,274266
Illinois,2012,3,11.0,2056678.0,1830443.0,226235
Georgia,2012,7,5.2,2245265.0,2128511.0,116754
Georgia,2023,8,6.4,790778.0,740168.0,50610
California,2023,1,11.9,2450959.0,2159294.0,291665
Pennsylvania,2016,12,10.6,2742800.0,2452063.0,290737
Texas,2013,1,8.8,4174999.0,3807599.0,367400
Pennsylvania,2015,6,7.4,352515.0,326428.0,26087
Washington,2021,12,10.6,2744046.0,2453177.0,290869
Illinois,2016,10,10.9,3863302.0,3442202.0,421100
Texas,2015,10,10.9,2610963.0,2326368.0,284595
New York,2011,6,8.1,2903005.0,2667861.0,235144
Ohio,2011,8,10.0,3144221.0,2829798.0,314423
Washington,2013,6,9.5,919593.0,832231.0,87362
Pennsylvania,2018,12,,3016933.0,2920391.0,96542
Florida,2014,7,3.6,4986202.0,4806698.0,179504
Georgia,2023,6,2.7,885786.0,861869.0,23917
Florida,2012,7,3.9,377834.0,363098.0,14736
Georgia,2017,1,3.1,3994325.0,3870500.0,123825
Texas,2011,7,3.4,4923062.0,4755677.0,167385
Pennsylvania,2016,6,8.3,386629.0,354538.0,32091
Florida,2011,1,5.0,2437643.0,2315760.0,121883
California,2020,10,7.1,2987569.0,2775451.0,212118
California,2013,7,4.6,4547077.0,4337911.0,209166
Georgia,2020,9,9.3,3666881.0,3325861.0,341020
Florida,2014,1,3.6,3681877.0,,132548
Ohio,2017,3,8.5,1879892.0,1720101.0,159791
New York,2012,6,3.6,4080527.0,3933628.0,146899
Texas,2013,11,6.5,1290283.0,1206414.0,83869
Washington,2016,7,4.6,1569204.0,1497020.0,72184
Ohio,2013,8,6.4,3079718.0,,197102
Washington,2010,7,3.3,974506.0,942347.0,32159
Illinois,2021,3,10.2,4494203.0,4035794.0,458409
Illinois,2022,7,5.8,4662272.0,4391860.0,270412
Texas,2016,11,7.3,2161439.0,2003653.0,157786
Texas,2016,9,4.0,4632070.0,4446787.0,185283
Florida,2020,2,11.6,1715270.0,1516298.0,198972
Ohio,2010,5,2.7,668933.0,650871.0,18062
Pennsylvania,2022,5,7.8,1266026.0,1167275.0,98751
Pennsylvania,2015,10,3.2,1640710.0,1588207.0,52503
New York,2015,11,10.9,4212742.0,3753553.0,459189
Texas,2012,4,,1299728.0,1243839.0,55889
Illinois,2014,12,7.4,3311208.0,3066178.0,245030
Illinois,2010,1,7.3,2934523.0,2720302.0,214221
California,2010,5,8.1,3033811.0,2788072.0,245739
New York,2011,9,9.3,4618362.0,4188854.0,429508
California,2016,4,,1993884.0,1762593.0,231291
Illinois,2011,7,8.9,2160035.0,1967791.0,192244
Florida,2015,4,3.6,1507576.0,1453303.0,54273
Washington,2016,7,2.6,1753005.0,1707426.0,45579
Pennsylvania,2013,1,3.2,599471.0,580287.0,19184
Pennsylvania,2013,12,11.3,4784162.0,4243551.0,540611
Illinois,2012,1,11.2,3311861.0,2940932.0,370929
Washington,2011,6,6.4,1257260.0,1176795.0,80465
California,2014,10,4.9,3455000.0,3285705.0,169295
Pennsylvania,2012,3,10.6,4189437.0,3745356.0,444081
New York,2023,12,4.9,3684476.0,3503936.0,180540
California,2017,1,7.7,4842998.0,4470087.0,372911
Florida,2020,9,7.5,2591721.0,2397341.0,194380
Georgia,2013,8,9.9,,269887.0,29655
Michigan,2020,10,8.3,2050500.0,1880308.0,170192
Georgia,2010,6,7.5,3004936.0,2779565.0,225371
Pennsylvania,2018,10,4.4,4457847.0,4261701.0,196146
Georgia,2022,6,7.1,105435.0,97949.0,7486
Florida,2019,12,3.2,4854417.0,4699075.0,155342
Michigan,2016,11,10.3,2239934.0,2009220.0,230714
California,2022,2,11.5,4159319.0,3680997.0,478322
Pennsylvania,2018,7,4.9,3650985.0,3472086.0,178899
Texas,2015,3,8.2,882533.0,810165.0,72368
New York,2017,11,6.4,784659.0,734440.0,50219
Washington,2015,9,10.7,3890918.0,3474589.0,416329
Texas,2011,4,6.4,4775431.0,4469803.0,305628
Florida,2011,11,4.9,1195589.0,1137005.0,58584
Washington,2014,11,7.8,2021792.0,1864092.0,157700
New York,2011,5,9.6,4102262.0,3708444.0,393818
Ohio,2017,4,5.7,1395125.0,1315602.0,79523
Florida,2011,1,3.7,4660141.0,4487715.0,172426
Florida,2014,11,3.1,3751422.0,3635127.0,116295
Michigan,2022,8,7.5,2712761.0,2509303.0,203458
Texas,2015,1,,,4686703.0,231139
New York,2020,5,7.5,2211029.0,2045201.0,165828
Michigan,2019,12,,,3058329.0,302473
Florida,2019,11,10.1,1581257.0,1421550.0,159707
Washington,2019,3,5.9,2970524.0,2795263.0,175261
Washington,2019,2,5.4,133734.0,126512.0,7222
Florida,2020,9,6.4,1106152.0,1035358.0,70794
Florida,2014,3,8.8,,3733515.0,360252
Florida,2018,9,6.7,3789638.0,3535732.0,253906
Illinois,2015,3,9.2,1241766.0,1127523.0,114243
Ohio,2010,3,3.2,103196.0,99893.0,3303
California,2019,6,5.7,3778588.0,3563208.0,215380
California,2011,4,,2764649.0,2695532.0,69117
Pennsylvania,2017,4,8.8,1881336.0,1715778.0,165558
Texas,2022,11,6.7,1250127.0,1166368.0,83759
California,2019,3,10.0,2778306.0,2500475.0,277831
Illinois,2016,10,11.9,1364008.0,1201691.0,162317
New York,2018,5,5.2,,3110258.0,170605
Illinois,2016,7,4.2,104331.0,99949.0,4382
Illinois,2020,9,4.2,4844353.0,4640890.0,203463
Illinois,2021,1,8.2,,1132117.0,101126
Georgia,2014,2,10.0,2152109.0,1936898.0,215211
Florida,2013,5,10.9,,586941.0,71804
Florida,2014,12,10.2,4551535.0,4087278.0,464257
Georgia,2021,3,5.2,2103369.0,1993993.0,109376
Ohio,2022,2,8.1,1565088.0,1438315.0,126773
Michigan,2014,1,8.2,4284251.0,,351309
Florida,2019,7,11.4,1843227.0,1633099.0,210128
California,2011,7,10.3,3405141.0,3054411.0,350730
Florida,2010,1,9.0,223662.0,203532.0,20130
California,2021,7,5.5,1767690.0,1670467.0,97223
California,2010,2,3.0,4011451.0,3891107.0,120344
Washington,2012,11,10.0,3883112.0,3494800.0,388312
Washington,2017,5,7.9,2494820.0,2297729.0,197091
Georgia,2023,1,8.8,3946703.0,3599393.0,347310
Illinois,2011,5,3.0,1449987.0,1406487.0,43500
Georgia,2019,9,8.2,3680885.0,3379052.0,301833
Michigan,2021,10,11.4,3095785.0,,352920
Georgia,2015,2,10.2,191679.0,172127.0,19552
Washington,2021,1,6.3,4906540.0,4597427.0,309113
Ohio,2021,8,11.4,277476.0,245843.0,31633
Texas,2012,6,8.4,3049908.0,2793715.0,256193
Texas,2018,2,3.7,3452477.0,,127742
Illinois,2023,3,10.5,3802085.0,3402866.0,399219
Florida,2019,7,11.1,274588.0,244108.0,30480
New York,2010,6,5.6,4419050.0,,247467
Illinois,2017,11,8.5,3546549.0,3245092.0,301457
Illinois,2012,10,4.7,2805430.0,2673574.0,131856
Illinois,2011,2,8.0,4172091.0,3838323.0,333768
New York,2018,5,5.7,,2035673.0,123048
Pennsylvania,2020,9,7.0,4176773.0,3884398.0,292375
Georgia,2017,10,5.0,159072.0,151118.0,7954
Illinois,2019,7,7.6,4134941.0,3820685.0,314256
Washington,2020,6,3.5,901680.0,870121.0,31559
New York,2011,11,6.9,1687138.0,1570725.0,116413
Texas,2013,2,7.1,1422014.0,1321051.0,100963
Washington,2017,10,10.1,502641.0,451874.0,50767
Illinois,2022,3,10.7,3499902.0,3125412.0,374490
New York,2012,12,3.0,2292848.0,2224062.0,68786
Florida,2010,3,6.1,4361725.0,4095659.0,266066
Ohio,2021,5,,2314178.0,2242438.0,71740
Ohio,2023,11,9.7,2040483.0,1842556.0,197927
Pennsylvania,2015,12,10.7,,1215731.0,145671
Ohio,2013,4,10.8,2679082.0,2389741.0,289341
Illinois,2013,12,5.2,2449465.0,2322092.0,127373
Georgia,2019,7,6.6,3210999.0,2999073.0,211926
New York,2010,10,7.9,4227436.0,3893468.0,333968
Washington,2018,1,7.6,3562511.0,3291760.0,270751
Florida,2010,1,10.9,2378845.0,2119550.0,259295
Texas,2010,11,,4561835.0,4256192.0,305643
Florida,2023,11,8.9,526941.0,480043.0,46898
California,2012,6,6.3,2585178.0,2422311.0,162867
Texas,2021,7,10.5,3765632.0,3370240.0,395392
Michigan,2013,10,8.2,684933.0,628768.0,56165
Pennsylvania,2018,6,5.3,2785662.0,,147641
Illinois,2013,6,3.8,1850866.0,1780533.0,70333
Texas,2015,4,9.4,4947384.0,4482329.0,465055
Illinois,2011,9,5.4,112120.0,106065.0,6055
Pennsylvania,2015,4,10.1,4845920.0,4356482.0,489438
Georgia,2012,6,4.0,934030.0,896668.0,37362
Illinois,2011,3,9.2,2366598.0,2148870.0,217728
California,2020,9,4.3,2559730.0,2449661.0,110069
Illinois,2017,3,10.4,4437739.0,3976214.0,461525
Florida,2014,3,2.6,3315400.0,3229199.0,86201
Michigan,2019,2,9.2,1863796.0,1692326.0,171470
Illinois,2022,12,3.2,1762656.0,1706251.0,56405
Texas,2012,9,9.2,660846.0,,60798
Florida,2010,8,3.9,3077407.0,2957388.0,120019
Illinois,2019,4,8.1,3666568.0,3369575.0,296993
Texas,2023,12,4.0,1802424.0,1730327.0,72097
Ohio,2018,11,,1046301.0,956319.0,89982
Texas,2023,9,9.0,3578192.0,3256154.0,322038
California,2010,9,6.8,885890.0,825649.0,60241
New York,2016,9,7.2,2703441.0,2508793.0,194648
California,2011,1,6.3,4965368.0,4652549.0,312819
Washington,2021,8,6.8,4802034.0,4475495.0,326539
Pennsylvania,2011,2,4.0,1211766.0,1163295.0,48471
California,2017,12,2.7,,1373515.0,38114
Ohio,2019,1,3.1,3045759.0,2951340.0,94419
California,2010,10,9.5,2559507.0,2316353.0,243154
Texas,2021,3,2.7,,3094336.0,85866
Georgia,2019,9,11.9,722207.0,636264.0,85943
California,2010,12,5.4,2085500.0,1972883.0,112617
Texas,2015,7,11.0,1075924.0,957572.0,118352
Michigan,2019,6,,2611902.0,2481306.0,130596
Michigan,2019,9,4.8,2790543.0,2656596.0,133947
Michigan,2021,5,11.2,3971018.0,,444755
Ohio,2013,5,11.1,3198350.0,2843333.0,355017
Illinois,2016,10,9.2,3677643.0,3339299.0,338344
Georgia,2017,3,6.4,217408.0,203493.0,13915
Georgia,2010,9,5.6,1740913.0,1643421.0,97492
Michigan,2011,10,7.8,417798.0,385209.0,32589
Michigan,2015,10,11.2,886796.0,787474.0,99322
Illinois,2016,9,3.7,2092834.0,2015399.0,77435
New York,2010,5,9.9,4019736.0,3621782.0,397954
New York,2017,6,7.3,4276852.0,3964641.0,312211
California,2013,3,3.5,772225.0,745197.0,27028
New York,2020,6,5.5,3924484.0,3708637.0,215847
Florida,2011,6,,1444091.0,1351669.0,92422
Michigan,2012,9,8.3,1701207.0,1560006.0,141201
Georgia,2023,12,5.1,2956188.0,2805422.0,150766
New York,2012,5,9.6,4891506.0,4421921.0,469585
Pennsylvania,2019,12,8.7,4486897.0,4096536.0,390361
Florida,2019,1,,3480796.0,3070062.0,410734
Florida,2019,9,11.3,3412750.0,3027109.0,385641
Texas,2018,9,7.3,2091367.0,1938697.0,152670
New York,2020,9,9.7,2808668.0,2536227.0,272441
Michigan,2012,7,5.0,2385362.0,2266093.0,119269
Pennsylvania,2015,2,9.5,3326585.0,3010559.0,316026
Michigan,2019,6,3.6,1790792.0,1726323.0,64469
New York,2023,5,4.9,1760102.0,1673857.0,86245
New York,2013,10,,916609.0,811198.0,105411
Illinois,2016,8,10.6,1755464.0,1569384.0,186080
Florida,2020,11,3.5,,944575.0,34260
Michigan,2020,9,11.7,3131946.0,2765508.0,366438
Washington,2015,12,11.7,2860451.0,2525778.0,334673
California,2023,8,6.5,3866176.0,3614874.0,251302
Michigan,2021,10,7.7,2949310.0,2722213.0,227097
Illinois,2012,6,10.8,,1832794.0,221908
Texas,2017,7,8.2,,,42776
Ohio,2015,11,7.1,1021806.0,949257.0,72549
Washington,2010,8,5.6,3401112.0,3210649.0,190463
California,2020,2,11.3,1604329.0,1423039.0,181290
California,2013,8,2.9,4912940.0,4770464.0,142476
Illinois,2020,11,4.3,235797.0,225657.0,10140
Georgia,2022,6,10.2,4930165.0,4427288.0,502877
Ohio,2020,2,6.8,1501471.0,1399370.0,102101
Washington,2014,10,11.7,4200321.0,3708883.0,491438
Michigan,2019,10,10.8,2998845.0,2674969.0,323876
Ohio,2021,1,11.9,3671488.0,3234580.0,436908
Georgia,2018,10,3.5,721531.0,696277.0,25254
California,2014,9,7.3,1405927.0,1303294.0,102633
California,2017,1,5.7,4083063.0,3850328.0,232735
Georgia,2018,1,7.2,2492735.0,2313258.0,179477
Washington,2019,3,4.0,4995035.0,4795233.0,199802
Texas,2011,9,,2801243.0,2697597.0,103646
Florida,2022,1,8.9,3627089.0,3304278.0,322811
New York,2020,9,7.1,313968.0,291676.0,22292
Texas,2014,10,7.5,2447855.0,2264265.0,183590
Michigan,2013,6,8.9,1085461.0,988854.0,96607
Texas,2010,8,11.5,727915.0,,83711
California,2023,9,6.3,3589550.0,3363408.0,226142
New York,2020,6,4.5,136382.0,130244.0,6138
Illinois,2020,3,7.4,3305677.0,3061056.0,244621
Ohio,2019,7,11.3,1877310.0,,212137
Florida,2013,6,9.1,4573214.0,4157051.0,416163
California,2022,11,5.0,1936517.0,1839691.0,96826
Georgia,2014,11,9.9,277946.0,250429.0,27517
Ohio,2023,1,2.6,363503.0,354051.0,9452
Ohio,2019,9,9.7,2479897.0,2239346.0,240551
California,2022,10,4.4,1660121.0,1587075.0,73046
Pennsylvania,2021,1,8.7,789317.0,720646.0,68671
Ohio,2022,9,8.0,1095791.0,,87664
Texas,2019,12,5.3,2953501.0,2796965.0,156536
Washington,2022,9,5.0,1997459.0,1897586.0,99873
New York,2016,9,9.0,4217095.0,3837556.0,379539
Georgia,2011,7,8.0,4347328.0,3999541.0,347787
California,2023,7,8.7,3851387.0,3516316.0,335071
Ohio,2020,3,3.7,3548281.0,3416994.0,131287
Georgia,2020,1,5.4,4325872.0,4092274.0,233598
Michigan,2015,6,7.3,4796298.0,4446168.0,350130
Florida,2020,4,7.2,3118967.0,2894401.0,224566
Michigan,2018,1,3.4,892515.0,862169.0,30346
Michigan,2022,12,7.4,747122.0,691834.0,55288
Ohio,2013,2,10.7,250594.0,223780.0,26814
California,2021,10,8.4,2232942.0,2045374.0,187568
Ohio,2013,10,8.7,,270440.0,25771
New York,2014,4,7.5,4558434.0,4216551.0,341883
Washington,2019,8,9.2,4902850.0,4451787.0,451063
Ohio,2019,11,2.7,1226018.0,1192915.0,33103
New York,2014,3,4.7,1408064.0,1341884.0,66180
Florida,2022,10,9.9,1068410.0,962637.0,105773
California,2015,3,10.5,3711880.0,3322132.0,389748
Michigan,2013,5,,242617.0,217384.0,25233
Illinois,2019,3,8.9,1130120.0,1029539.0,100581
Michigan,2021,3,6.3,2667228.0,2499192.0,168036
Georgia,2012,1,10.5,4661786.0,4172298.0,489488
California,2022,6,10.4,1808086.0,,188041
New York,2015,7,,1056740.0,996505.0,60235
Georgia,2018,1,7.2,,4264561.0,330872
Illinois,2022,3,3.4,3830864.0,3700614.0,130250
New York,2016,1,10.8,2891671.0,2579370.0,312301
Ohio,2017,3,,3565685.0,3177025.0,388660
Michigan,2023,12,10.7,1015767.0,907079.0,108688
Ohio,2016,1,10.6,3469415.0,3101657.0,367758
Florida,2013,2,11.7,3743512.0,3305521.0,437991
Ohio,2015,2,4.6,4116899.0,3927521.0,189378
Michigan,2015,10,7.8,,1623759.0,137368
Florida,2014,7,11.6,576377.0,509517.0,66860
Michigan,2011,4,7.7,1448416.0,1336887.0,111529
Washington,2018,3,5.6,2059129.0,1943817.0,115312
Illinois,2019,3,11.6,1460764.0,1291315.0,169449
New York,2011,1,5.1,1225832.0,1163314.0,62518
Texas,2016,5,3.6,940597.0,906735.0,33862
California,2014,7,4.4,2550503.0,,112223
Washington,2014,9,5.3,2976673.0,2818909.0,157764
New York,2023,4,11.9,99999999.0,3168450.0,427975
Georgia,2010,12,4.8,1861987.0,1772611.0,89376
Florida,2012,7,11.5,3210041.0,2840886.0,369155
Pennsylvania,2013,8,7.5,1732748.0,1602791.0,129957
Illinois,2010,11,7.3,344697.0,319534.0,25163
Pennsylvania,2023,3,8.5,1410646.0,1290741.0,119905
Pennsylvania,2017,9,10.3,2625525.0,2355095.0,270430
Texas,2012,4,7.7,1045161.0,964683.0,80478
Florida,2020,12,9.3,2794991.0,2535056.0,259935
Florida,2010,3,6.2,1007272.0,944821.0,62451
Illinois,2020,1,7.1,636364.0,591182.0,45182
Pennsylvania,2011,11,8.3,4364139.0,4001915.0,362224
Georgia,2018,7,3.0,2516207.0,2440720.0,75487
Texas,2010,2,10.9,1913948.0,1705327.0,208621
Pennsylvania,2012,10,12.0,317767.0,279634.0,38133
New York,2011,2,8.0,1728782.0,,138303
Texas,2022,9,10.6,466590.0,417131.0,49459
Georgia,2018,7,8.2,3969108.0,3643641.0,325467
Illinois,2015,6,4.8,1060655.0,1009743.0,50912
California,2014,11,6.7,2711895.0,2530198.0,181697
Ohio,2021,9,9.4,1027281.0,930716.0,96565
Pennsylvania,2021,9,6.7,3480145.0,,233170
Michigan,2020,4,2.9,3871414.0,3759142.0,112272
Michigan,2023,2,8.4,1672762.0,1532249.0,140513
Georgia,2019,9,11.8,3529985.0,3113446.0,416539
Michigan,2014,6,9.0,3962230.0,3605629.0,356601
Georgia,2013,1,5.5,,139256.0,8105
Pennsylvania,2011,5,11.0,4059978.0,3613380.0,446598
Pennsylvania,2020,1,9.7,3523604.0,3181814.0,341790
Illinois,2020,7,9.4,222366.0,201463.0,20903
Ohio,2014,1,5.5,99999999.0,431335.0,25105
New York,2014,2,10.4,,4326895.0,502229
Pennsylvania,2020,2,7.4,3003561.0,2781297.0,222264
California,2022,5,3.2,3107446.0,3008007.0,99439
Pennsylvania,2012,3,7.5,3697326.0,3420026.0,277300
Pennsylvania,2012,7,5.1,1134023.0,1076187.0,57836
California,2022,10,,3949182.0,3574009.0,375173
New York,2012,4,8.0,1766984.0,1625625.0,141359
New York,2022,10,11.0,4298880.0,3826003.0,472877
Florida,2022,1,3.4,99999999.0,1518626.0,53451
Michigan,2023,8,3.0,1699826.0,1648831.0,50995
Georgia,2013,3,2.7,905896.0,881436.0,24460
Ohio,2022,7,,131541.0,125227.0,6314
Washington,2014,7,4.6,1958777.0,1868673.0,90104
Texas,2022,3,7.8,1222207.0,1126874.0,95333
Georgia,2022,2,3.8,1915599.0,1842806.0,72793
Michigan,2020,1,11.4,584103.0,517515.0,66588
Georgia,2013,11,2.5,4555237.0,4441356.0,113881
Ohio,2014,10,4.5,2563501.0,2448143.0,115358
Pennsylvania,2021,5,3.8,2032919.0,1955668.0,77251
New York,2011,9,6.7,363356.0,339011.0,24345
Texas,2019,1,3.7,2102507.0,2024714.0,77793
Illinois,2013,9,10.9,4877376.0,4345742.0,531634
Washington,2022,6,11.6,4856497.0,4293143.0,563354
Georgia,2011,4,2.6,3843407.0,3743478.0,99929
New York,2013,10,,916609.0,811198.0,105411
Washington,2012,3,,4543778.0,4307501.0,236277
Washington,2022,5,,,4087019.0,557321
Georgia,2013,8,,1499769.0,1453276.0,46493
New York,2015,4,,1147146.0,1023254.0,123892
California,2016,10,,4250579.0,3995544.0,255035
Georgia,2013,10,,,1542689.0,171410
Michigan,2019,12,,,3058329.0,302473
Washington,2015,10,,545101.0,483504.0,61597
Texas,2014,9,,3069656.0,2851710.0,217946
Michigan,2012,1,,4401754.0,4164059.0,237695
Illinois,2012,6,,2168884.0,2071284.0,97600
New York,2016,11,,854085.0,795153.0,58932
California,2023,12,,522381.0,480590.0,41791
Michigan,2017,2,,1649302.0,1578382.0,70920
Ohio,2021,9,,970123.0,892513.0,77610
Florida,2014,11,,4710146.0,4338044.0,372102
Ohio,2016,8,,127712.0,119921.0,7791
Texas,2022,2,,993150.0,913698.0,79452
Florida,2019,1,,3480796.0,3070062.0,410734
Texas,2023,2,,1256083.0,1139267.0,116816
Pennsylvania,2018,12,,3016933.0,2920391.0,96542
California,2022,10,,3949182.0,3574009.0,375173
New York,2017,4,,641529.0,592131.0,49398
Michigan,2013,5,,242617.0,217384.0,25233
California,2016,8,,4355780.0,3889711.0,466069
Michigan,2017,7,,2896749.0,2801156.0,95593
Georgia,2021,11,,,2924567.0,102936
Illinois,2014,2,,3766344.0,,346504
Florida,2023,11,,4370070.0,4125346.0,244724
California,2022,2,,928791.0,862846.0,65945
Michigan,2022,2,,4731889.0,4433779.0,298110
New York,2010,6,,4877402.0,4443313.0,434089
Michigan,2022,11,,1994554.0,1777147.0,217407
Florida,2018,7,,2434482.0,2171557.0,262925
Michigan,2011,5,,2530525.0,2254697.0,275828
Washington,2018,5,-9.9,946462.0,850869.0,95593
Ohio,2016,11,,3032878.0,2759918.0,272960
Georgia,2017,3,,1064795.0,1000907.0,63888
Illinois,2019,2,,4047208.0,3905555.0,141653
Ohio,2018,4,,3948693.0,3478798.0,469895
New York,2015,7,,1056740.0,996505.0,60235
Georgia,2015,5,,1731993.0,1609021.0,122972
Texas,2014,5,,501067.0,485533.0,15534
California,2022,6,,340346.0,,26888
Washington,2018,4,,3430922.0,3153017.0,277905
Michigan,2010,7,,1509854.0,1438890.0,70964
Georgia,2023,8,,2607743.0,2388692.0,219051
Florida,2010,8,,,3486762.0,353285
Texas,2023,8,,1415502.0,1330571.0,84931
Michigan,2018,4,,1705752.0,1507884.0,197868
Texas,2021,6,,3396050.0,3073425.0,322625
Illinois,2020,8,,4768223.0,4539348.0,228875
Texas,2020,2,,4956447.0,4401324.0,555123
New York,2012,4,,3219734.0,3071626.0,148108
California,2011,4,,2764649.0,2695532.0,69117
Florida,2010,6,,4854489.0,4679727.0,174762
California,2016,4,,1993884.0,1762593.0,231291
Texas,2018,10,,2460901.0,2264028.0,196873
Michigan,2020,10,,3584239.0,3469543.0,114696
